exchange,exchange_token,trading_symbol,groww_symbol,name,instrument_type,segment,series,isin,underlying_symbol,underlying_exchange_token,expiry_date,strike_price,lot_size,tick_size,freeze_quantity,is_reserved,buy_allowed,sell_allowed,internal_trading_symbol,is_intraday
NSE,66825,360ONE26AUG1080PE,NSE-360ONE-25Aug26-1080-PE,,PE,FNO,,,360ONE,13061,2026-08-25,1080,500,0.05,20001,0,1,1,360ONE26AUG1080PE,0
NSE,66751,360ONE26JUL1420PE,NSE-360ONE-28Jul26-1420-PE,,PE,FNO,,,360ONE,13061,2026-07-28,1420,500,0.05,20001,1,1,1,360ONE26JUL1420PE,0
NSE,82562,360ONE26JUN1280PE,NSE-360ONE-30Jun26-1280-PE,,PE,FNO,,,360ONE,13061,2026-06-30,1280,500,0.05,20001,0,1,1,360ONE26JUN1280PE,0
NSE,65259,360ONE26JUL1360PE,NSE-360ONE-28Jul26-1360-PE,,PE,FNO,,,360ONE,13061,2026-07-28,1360,500,0.05,20001,1,1,1,360ONE26JUL1360PE,0
NSE,65199,360ONE26JUN1340PE,NSE-360ONE-30Jun26-1340-PE,,PE,FNO,,,360ONE,13061,2026-06-30,1340,500,0.05,20001,1,1,1,360ONE26JUN1340PE,0
NSE,65182,360ONE26JUN1100CE,NSE-360ONE-30Jun26-1100-CE,,CE,FNO,,,360ONE,13061,2026-06-30,1100,500,0.05,20001,0,1,1,360ONE26JUN1100CE,0
NSE,36691,031NSETEST36DECFUT,NSE-031NSETEST-27Nov36-FUT,,FUT,FNO,,,031NSETEST,14753,2036-11-27,-0.01,50,0.05,100001,0,1,1,031NSETEST36DECFUT,0
NSE,36700,061NSETEST36DECFUT,NSE-061NSETEST-27Nov36-FUT,,FUT,FNO,,,061NSETEST,14762,2036-11-27,-0.01,50,0.05,100001,0,1,1,061NSETEST36DECFUT,0
NSE,36713,091NSETEST36DECFUT,NSE-091NSETEST-27Nov36-FUT,,FUT,FNO,,,091NSETEST,14769,2036-11-27,-0.01,50,0.05,100001,0,1,1,091NSETEST36DECFUT,0
NSE,66715,360ONE26JUL980CE,NSE-360ONE-28Jul26-980-CE,,CE,FNO,,,360ONE,13061,2026-07-28,980,500,0.05,20001,0,1,1,360ONE26JUL980CE,0
NSE,82361,360ONE26JUN640CE,NSE-360ONE-30Jun26-640-CE,,CE,FNO,,,360ONE,13061,2026-06-30,640,500,0.05,20001,1,1,1,360ONE26JUN640CE,0
NSE,66839,360ONE26AUG1200PE,NSE-360ONE-25Aug26-1200-PE,,PE,FNO,,,360ONE,13061,2026-08-25,1200,500,0.05,20001,0,1,1,360ONE26AUG1200PE,0
NSE,66719,360ONE26JUL1060CE,NSE-360ONE-28Jul26-1060-CE,,CE,FNO,,,360ONE,13061,2026-07-28,1060,500,0.05,20001,0,1,1,360ONE26JUL1060CE,0
NSE,46200,360ONE26AUG680CE,NSE-360ONE-25Aug26-680-CE,,CE,FNO,,,360ONE,13061,2026-08-25,680,500,0.05,20001,1,1,1,360ONE26AUG680CE,0
NSE,42654,360ONE26JUN1380CE,NSE-360ONE-30Jun26-1380-CE,,CE,FNO,,,360ONE,13061,2026-06-30,1380,500,0.05,20001,1,1,1,360ONE26JUN1380CE,0
NSE,66846,360ONE26AUG1360CE,NSE-360ONE-25Aug26-1360-CE,,CE,FNO,,,360ONE,13061,2026-08-25,1360,500,0.05,20001,1,1,1,360ONE26AUG1360CE,0
NSE,65232,360ONE26JUL1000CE,NSE-360ONE-28Jul26-1000-CE,,CE,FNO,,,360ONE,13061,2026-07-28,1000,500,0.05,20001,0,1,1,360ONE26JUL1000CE,0
NSE,65264,360ONE26JUL1520CE,NSE-360ONE-28Jul26-1520-CE,,CE,FNO,,,360ONE,13061,2026-07-28,1520,500,0.05,20001,1,1,1,360ONE26JUL1520CE,0
NSE,82374,360ONE26JUN880PE,NSE-360ONE-30Jun26-880-PE,,PE,FNO,,,360ONE,13061,2026-06-30,880,500,0.05,20001,0,1,1,360ONE26JUN880PE,0
NSE,66726,360ONE26JUL1180PE,NSE-360ONE-28Jul26-1180-PE,,PE,FNO,,,360ONE,13061,2026-07-28,1180,500,0.05,20001,0,1,1,360ONE26JUL1180PE,0
NSE,41295,360ONE26AUG560CE,NSE-360ONE-25Aug26-560-CE,,CE,FNO,,,360ONE,13061,2026-08-25,560,500,0.05,20001,1,1,1,360ONE26AUG560CE,0
NSE,82569,360ONE26JUN1440CE,NSE-360ONE-30Jun26-1440-CE,,CE,FNO,,,360ONE,13061,2026-06-30,1440,500,0.05,20001,1,1,1,360ONE26JUN1440CE,0
NSE,66856,360ONE26AUG1600CE,NSE-360ONE-25Aug26-1600-CE,,CE,FNO,,,360ONE,13061,2026-08-25,1600,500,0.05,20001,1,1,1,360ONE26AUG1600CE,0
NSE,65227,360ONE26JUL880PE,NSE-360ONE-28Jul26-880-PE,,PE,FNO,,,360ONE,13061,2026-07-28,880,500,0.05,20001,0,1,1,360ONE26JUL880PE,0
NSE,52099,360ONE26JUN1400PE,NSE-360ONE-30Jun26-1400-PE,,PE,FNO,,,360ONE,13061,2026-06-30,1400,500,0.05,20001,1,1,1,360ONE26JUN1400PE,0
NSE,66714,360ONE26JUL940PE,NSE-360ONE-28Jul26-940-PE,,PE,FNO,,,360ONE,13061,2026-07-28,940,500,0.05,20001,1,1,1,360ONE26JUL940PE,0
NSE,66853,360ONE26AUG1480PE,NSE-360ONE-25Aug26-1480-PE,,PE,FNO,,,360ONE,13061,2026-08-25,1480,500,0.05,20001,1,1,1,360ONE26AUG1480PE,0
NSE,66784,360ONE26AUG800CE,NSE-360ONE-25Aug26-800-CE,,CE,FNO,,,360ONE,13061,2026-08-25,800,500,0.05,20001,1,1,1,360ONE26AUG800CE,0
NSE,41286,360ONE26JUN600PE,NSE-360ONE-30Jun26-600-PE,,PE,FNO,,,360ONE,13061,2026-06-30,600,500,0.05,20001,1,1,1,360ONE26JUN600PE,0
NSE,65250,360ONE26JUL1240CE,NSE-360ONE-28Jul26-1240-CE,,CE,FNO,,,360ONE,13061,2026-07-28,1240,500,0.05,20001,0,1,1,360ONE26JUL1240CE,0
NSE,36724,151NSETEST36DECFUT,NSE-151NSETEST-27Nov36-FUT,,FUT,FNO,,,151NSETEST,14782,2036-11-27,-0.01,50,0.05,100001,0,1,1,151NSETEST36DECFUT,0
NSE,66857,360ONE26AUG1600PE,NSE-360ONE-25Aug26-1600-PE,,PE,FNO,,,360ONE,13061,2026-08-25,1600,500,0.05,20001,1,1,1,360ONE26AUG1600PE,0
NSE,36718,121NSETEST36DECFUT,NSE-121NSETEST-27Nov36-FUT,,FUT,FNO,,,121NSETEST,14777,2036-11-27,-0.01,50,0.05,100001,0,1,1,121NSETEST36DECFUT,0
NSE,65176,360ONE26JUN980CE,NSE-360ONE-30Jun26-980-CE,,CE,FNO,,,360ONE,13061,2026-06-30,980,500,0.05,20001,0,1,1,360ONE26JUN980CE,0
NSE,66731,360ONE26JUL1300CE,NSE-360ONE-28Jul26-1300-CE,,CE,FNO,,,360ONE,13061,2026-07-28,1300,500,0.05,20001,1,1,1,360ONE26JUL1300CE,0
NSE,66852,360ONE26AUG1480CE,NSE-360ONE-25Aug26-1480-CE,,CE,FNO,,,360ONE,13061,2026-08-25,1480,500,0.05,20001,1,1,1,360ONE26AUG1480CE,0
NSE,65228,360ONE26JUL920CE,NSE-360ONE-28Jul26-920-CE,,CE,FNO,,,360ONE,13061,2026-07-28,920,500,0.05,20001,0,1,1,360ONE26JUL920CE,0
NSE,82366,360ONE26JUN720PE,NSE-360ONE-30Jun26-720-PE,,PE,FNO,,,360ONE,13061,2026-06-30,720,500,0.05,20001,1,1,1,360ONE26JUN720PE,0
NSE,66777,360ONE26AUG640PE,NSE-360ONE-25Aug26-640-PE,,PE,FNO,,,360ONE,13061,2026-08-25,640,500,0.05,20001,1,1,1,360ONE26AUG640PE,0
NSE,65192,360ONE26JUN1260CE,NSE-360ONE-30Jun26-1260-CE,,CE,FNO,,,360ONE,13061,2026-06-30,1260,500,0.05,20001,1,1,1,360ONE26JUN1260CE,0
NSE,58551,360ONE26JUN1640PE,NSE-360ONE-30Jun26-1640-PE,,PE,FNO,,,360ONE,13061,2026-06-30,1640,500,0.05,20001,1,1,1,360ONE26JUN1640PE,0
NSE,65191,360ONE26JUN1220PE,NSE-360ONE-30Jun26-1220-PE,,PE,FNO,,,360ONE,13061,2026-06-30,1220,500,0.05,20001,0,1,1,360ONE26JUN1220PE,0
NSE,82563,360ONE26JUN1320CE,NSE-360ONE-30Jun26-1320-CE,,CE,FNO,,,360ONE,13061,2026-06-30,1320,500,0.05,20001,0,1,1,360ONE26JUN1320CE,0
NSE,41292,360ONE26JUL600PE,NSE-360ONE-28Jul26-600-PE,,PE,FNO,,,360ONE,13061,2026-07-28,600,500,0.05,20001,1,1,1,360ONE26JUL600PE,0
NSE,82469,360ONE26JUN1160PE,NSE-360ONE-30Jun26-1160-PE,,PE,FNO,,,360ONE,13061,2026-06-30,1160,500,0.05,20001,0,1,1,360ONE26JUN1160PE,0
NSE,65249,360ONE26JUL1200PE,NSE-360ONE-28Jul26-1200-PE,,PE,FNO,,,360ONE,13061,2026-07-28,1200,500,0.05,20001,0,1,1,360ONE26JUL1200PE,0
NSE,66811,360ONE26AUG920PE,NSE-360ONE-25Aug26-920-PE,,PE,FNO,,,360ONE,13061,2026-08-25,920,500,0.05,20001,0,1,1,360ONE26AUG920PE,0
NSE,66709,360ONE26JUL860CE,NSE-360ONE-28Jul26-860-CE,,CE,FNO,,,360ONE,13061,2026-07-28,860,500,0.05,20001,1,1,1,360ONE26JUL860CE,0
NSE,66845,360ONE26AUG1320PE,NSE-360ONE-25Aug26-1320-PE,,PE,FNO,,,360ONE,13061,2026-08-25,1320,500,0.05,20001,1,1,1,360ONE26AUG1320PE,0
NSE,65207,360ONE26JUL640CE,NSE-360ONE-28Jul26-640-CE,,CE,FNO,,,360ONE,13061,2026-07-28,640,500,0.05,20001,1,1,1,360ONE26JUL640CE,0
NSE,37149,360ONE26JUN1560PE,NSE-360ONE-30Jun26-1560-PE,,PE,FNO,,,360ONE,13061,2026-06-30,1560,500,0.05,20001,1,1,1,360ONE26JUN1560PE,0
NSE,65175,360ONE26JUN940PE,NSE-360ONE-30Jun26-940-PE,,PE,FNO,,,360ONE,13061,2026-06-30,940,500,0.05,20001,0,1,1,360ONE26JUN940PE,0
NSE,66838,360ONE26AUG1200CE,NSE-360ONE-25Aug26-1200-CE,,CE,FNO,,,360ONE,13061,2026-08-25,1200,500,0.05,20001,0,1,1,360ONE26AUG1200CE,0
NSE,65241,360ONE26JUL1120PE,NSE-360ONE-28Jul26-1120-PE,,PE,FNO,,,360ONE,13061,2026-07-28,1120,500,0.05,20001,0,1,1,360ONE26JUL1120PE,0
NSE,65221,360ONE26JUL760PE,NSE-360ONE-28Jul26-760-PE,,PE,FNO,,,360ONE,13061,2026-07-28,760,500,0.05,20001,1,1,1,360ONE26JUL760PE,0
NSE,43644,360ONE26JUL1600PE,NSE-360ONE-28Jul26-1600-PE,,PE,FNO,,,360ONE,13061,2026-07-28,1600,500,0.05,20001,1,1,1,360ONE26JUL1600PE,0
NSE,65168,360ONE26JUN820CE,NSE-360ONE-30Jun26-820-CE,,CE,FNO,,,360ONE,13061,2026-06-30,820,500,0.05,20001,1,1,1,360ONE26JUN820CE,0
NSE,82367,360ONE26JUN760CE,NSE-360ONE-30Jun26-760-CE,,CE,FNO,,,360ONE,13061,2026-06-30,760,500,0.05,20001,1,1,1,360ONE26JUN760CE,0
NSE,66708,360ONE26JUL820PE,NSE-360ONE-28Jul26-820-PE,,PE,FNO,,,360ONE,13061,2026-07-28,820,500,0.05,20001,1,1,1,360ONE26JUL820PE,0
NSE,82419,360ONE26JUN1000PE,NSE-360ONE-30Jun26-1000-PE,,PE,FNO,,,360ONE,13061,2026-06-30,1000,500,0.05,20001,0,1,1,360ONE26JUN1000PE,0
NSE,66824,360ONE26AUG1080CE,NSE-360ONE-25Aug26-1080-CE,,CE,FNO,,,360ONE,13061,2026-08-25,1080,500,0.05,20001,0,1,1,360ONE26AUG1080CE,0
NSE,82420,360ONE26JUN1040CE,NSE-360ONE-30Jun26-1040-CE,,CE,FNO,,,360ONE,13061,2026-06-30,1040,500,0.05,20001,0,1,1,360ONE26JUN1040CE,0
NSE,66812,360ONE26AUG960CE,NSE-360ONE-25Aug26-960-CE,,CE,FNO,,,360ONE,13061,2026-08-25,960,500,0.05,20001,0,1,1,360ONE26AUG960CE,0
NSE,45817,360ONE26JUL1480PE,NSE-360ONE-28Jul26-1480-PE,,PE,FNO,,,360ONE,13061,2026-07-28,1480,500,0.05,20001,1,1,1,360ONE26JUL1480PE,0
NSE,65246,360ONE26JUL1160CE,NSE-360ONE-28Jul26-1160-CE,,CE,FNO,,,360ONE,13061,2026-07-28,1160,500,0.05,20001,0,1,1,360ONE26JUL1160CE,0
NSE,66720,360ONE26JUL1060PE,NSE-360ONE-28Jul26-1060-PE,,PE,FNO,,,360ONE,13061,2026-07-28,1060,500,0.05,20001,0,1,1,360ONE26JUL1060PE,0
NSE,58552,360ONE26JUL1640CE,NSE-360ONE-28Jul26-1640-CE,,CE,FNO,,,360ONE,13061,2026-07-28,1640,500,0.05,20001,1,1,1,360ONE26JUL1640CE,0
NSE,65197,360ONE26JUN1300PE,NSE-360ONE-30Jun26-1300-PE,,PE,FNO,,,360ONE,13061,2026-06-30,1300,500,0.05,20001,1,1,1,360ONE26JUN1300PE,0
NSE,66727,360ONE26JUL1220CE,NSE-360ONE-28Jul26-1220-CE,,CE,FNO,,,360ONE,13061,2026-07-28,1220,500,0.05,20001,0,1,1,360ONE26JUL1220CE,0
NSE,66713,360ONE26JUL940CE,NSE-360ONE-28Jul26-940-CE,,CE,FNO,,,360ONE,13061,2026-07-28,940,500,0.05,20001,1,1,1,360ONE26JUL940CE,0
NSE,65187,360ONE26JUN1180PE,NSE-360ONE-30Jun26-1180-PE,,PE,FNO,,,360ONE,13061,2026-06-30,1180,500,0.05,20001,0,1,1,360ONE26JUN1180PE,0
NSE,82561,360ONE26JUN1280CE,NSE-360ONE-30Jun26-1280-CE,,CE,FNO,,,360ONE,13061,2026-06-30,1280,500,0.05,20001,0,1,1,360ONE26JUN1280CE,0
NSE,66841,360ONE26AUG1240PE,NSE-360ONE-25Aug26-1240-PE,,PE,FNO,,,360ONE,13061,2026-08-25,1240,500,0.05,20001,0,1,1,360ONE26AUG1240PE,0
NSE,82363,360ONE26JUN680CE,NSE-360ONE-30Jun26-680-CE,,CE,FNO,,,360ONE,13061,2026-06-30,680,500,0.05,20001,1,1,1,360ONE26JUN680CE,0
NSE,82375,360ONE26JUN920CE,NSE-360ONE-30Jun26-920-CE,,CE,FNO,,,360ONE,13061,2026-06-30,920,500,0.05,20001,0,1,1,360ONE26JUN920CE,0
NSE,82560,360ONE26JUN1240PE,NSE-360ONE-30Jun26-1240-PE,,PE,FNO,,,360ONE,13061,2026-06-30,1240,500,0.05,20001,0,1,1,360ONE26JUN1240PE,0
NSE,65198,360ONE26JUN1340CE,NSE-360ONE-30Jun26-1340-CE,,CE,FNO,,,360ONE,13061,2026-06-30,1340,500,0.05,20001,1,1,1,360ONE26JUN1340CE,0
NSE,65213,360ONE26JUL720PE,NSE-360ONE-28Jul26-720-PE,,PE,FNO,,,360ONE,13061,2026-07-28,720,500,0.05,20001,1,1,1,360ONE26JUL720PE,0
NSE,41296,360ONE26AUG560PE,NSE-360ONE-25Aug26-560-PE,,PE,FNO,,,360ONE,13061,2026-08-25,560,500,0.05,20001,1,1,1,360ONE26AUG560PE,0
NSE,48576,171NSETEST36NOVFUT,NSE-171NSETEST-27Nov36-FUT,,FUT,FNO,,,171NSETEST,23446,2036-11-27,-0.01,50,0.05,100001,0,1,1,171NSETEST36NOVFUT,0
NSE,65226,360ONE26JUL880CE,NSE-360ONE-28Jul26-880-CE,,CE,FNO,,,360ONE,13061,2026-07-28,880,500,0.05,20001,0,1,1,360ONE26JUL880CE,0
NSE,66724,360ONE26JUL1140PE,NSE-360ONE-28Jul26-1140-PE,,PE,FNO,,,360ONE,13061,2026-07-28,1140,500,0.05,20001,0,1,1,360ONE26JUL1140PE,0
NSE,65181,360ONE26JUN1060PE,NSE-360ONE-30Jun26-1060-PE,,PE,FNO,,,360ONE,13061,2026-06-30,1060,500,0.05,20001,0,1,1,360ONE26JUN1060PE,0
NSE,52098,360ONE26JUN1400CE,NSE-360ONE-30Jun26-1400-CE,,CE,FNO,,,360ONE,13061,2026-06-30,1400,500,0.05,20001,1,1,1,360ONE26JUN1400CE,0
NSE,41294,360ONE26JUL780PE,NSE-360ONE-28Jul26-780-PE,,PE,FNO,,,360ONE,13061,2026-07-28,780,500,0.05,20001,1,1,1,360ONE26JUL780PE,0
NSE,82369,360ONE26JUN800CE,NSE-360ONE-30Jun26-800-CE,,CE,FNO,,,360ONE,13061,2026-06-30,800,500,0.05,20001,1,1,1,360ONE26JUN800CE,0
NSE,66752,360ONE26JUL1560CE,NSE-360ONE-28Jul26-1560-CE,,CE,FNO,,,360ONE,13061,2026-07-28,1560,500,0.05,20001,1,1,1,360ONE26JUL1560CE,0
NSE,65225,360ONE26JUL840PE,NSE-360ONE-28Jul26-840-PE,,PE,FNO,,,360ONE,13061,2026-07-28,840,500,0.05,20001,1,1,1,360ONE26JUL840PE,0
NSE,46370,360ONE26AUG680PE,NSE-360ONE-25Aug26-680-PE,,PE,FNO,,,360ONE,13061,2026-08-25,680,500,0.05,20001,1,1,1,360ONE26AUG680PE,0
NSE,66785,360ONE26AUG800PE,NSE-360ONE-25Aug26-800-PE,,PE,FNO,,,360ONE,13061,2026-08-25,800,500,0.05,20001,1,1,1,360ONE26AUG800PE,0
NSE,66712,360ONE26JUL900PE,NSE-360ONE-28Jul26-900-PE,,PE,FNO,,,360ONE,13061,2026-07-28,900,500,0.05,20001,1,1,1,360ONE26JUL900PE,0
NSE,65265,360ONE26JUL1520PE,NSE-360ONE-28Jul26-1520-PE,,PE,FNO,,,360ONE,13061,2026-07-28,1520,500,0.05,20001,1,1,1,360ONE26JUL1520PE,0
NSE,65239,360ONE26JUL1080PE,NSE-360ONE-28Jul26-1080-PE,,PE,FNO,,,360ONE,13061,2026-07-28,1080,500,0.05,20001,0,1,1,360ONE26JUL1080PE,0
NSE,65252,360ONE26JUL1280CE,NSE-360ONE-28Jul26-1280-CE,,CE,FNO,,,360ONE,13061,2026-07-28,1280,500,0.05,20001,0,1,1,360ONE26JUL1280CE,0
NSE,66826,360ONE26AUG1120CE,NSE-360ONE-25Aug26-1120-CE,,CE,FNO,,,360ONE,13061,2026-08-25,1120,500,0.05,20001,0,1,1,360ONE26AUG1120CE,0
NSE,66786,360ONE26AUG840CE,NSE-360ONE-25Aug26-840-CE,,CE,FNO,,,360ONE,13061,2026-08-25,840,500,0.05,20001,1,1,1,360ONE26AUG840CE,0
NSE,82362,360ONE26JUN640PE,NSE-360ONE-30Jun26-640-PE,,PE,FNO,,,360ONE,13061,2026-06-30,640,500,0.05,20001,1,1,1,360ONE26JUN640PE,0
NSE,82430,360ONE26JUN1160CE,NSE-360ONE-30Jun26-1160-CE,,CE,FNO,,,360ONE,13061,2026-06-30,1160,500,0.05,20001,0,1,1,360ONE26JUN1160CE,0
NSE,65188,360ONE26JUN1220CE,NSE-360ONE-30Jun26-1220-CE,,CE,FNO,,,360ONE,13061,2026-06-30,1220,500,0.05,20001,0,1,1,360ONE26JUN1220CE,0
NSE,66725,360ONE26JUL1180CE,NSE-360ONE-28Jul26-1180-CE,,CE,FNO,,,360ONE,13061,2026-07-28,1180,500,0.05,20001,0,1,1,360ONE26JUL1180CE,0
NSE,82368,360ONE26JUN760PE,NSE-360ONE-30Jun26-760-PE,,PE,FNO,,,360ONE,13061,2026-06-30,760,500,0.05,20001,1,1,1,360ONE26JUN760PE,0
NSE,65220,360ONE26JUL760CE,NSE-360ONE-28Jul26-760-CE,,CE,FNO,,,360ONE,13061,2026-07-28,760,500,0.05,20001,1,1,1,360ONE26JUL760CE,0
NSE,36690,021NSETEST36DECFUT,NSE-021NSETEST-27Nov36-FUT,,FUT,FNO,,,021NSETEST,14751,2036-11-27,-0.01,50,0.05,100001,0,1,1,021NSETEST36DECFUT,0
NSE,65169,360ONE26JUN820PE,NSE-360ONE-30Jun26-820-PE,,PE,FNO,,,360ONE,13061,2026-06-30,820,500,0.05,20001,1,1,1,360ONE26JUN820PE,0
NSE,36697,051NSETEST36DECFUT,NSE-051NSETEST-27Nov36-FUT,,FUT,FNO,,,051NSETEST,14758,2036-11-27,-0.01,50,0.05,100001,0,1,1,051NSETEST36DECFUT,0
NSE,66732,360ONE26JUL1300PE,NSE-360ONE-28Jul26-1300-PE,,PE,FNO,,,360ONE,13061,2026-07-28,1300,500,0.05,20001,1,1,1,360ONE26JUL1300PE,0
NSE,65260,360ONE26JUL1400CE,NSE-360ONE-28Jul26-1400-CE,,CE,FNO,,,360ONE,13061,2026-07-28,1400,500,0.05,20001,1,1,1,360ONE26JUL1400CE,0
NSE,65251,360ONE26JUL1240PE,NSE-360ONE-28Jul26-1240-PE,,PE,FNO,,,360ONE,13061,2026-07-28,1240,500,0.05,20001,0,1,1,360ONE26JUL1240PE,0
NSE,66733,360ONE26JUL1340CE,NSE-360ONE-28Jul26-1340-CE,,CE,FNO,,,360ONE,13061,2026-07-28,1340,500,0.05,20001,1,1,1,360ONE26JUL1340CE,0
NSE,36709,081NSETEST36DECFUT,NSE-081NSETEST-27Nov36-FUT,,FUT,FNO,,,081NSETEST,14767,2036-11-27,-0.01,50,0.05,100001,0,1,1,081NSETEST36DECFUT,0
NSE,66819,360ONE26AUG960PE,NSE-360ONE-25Aug26-960-PE,,PE,FNO,,,360ONE,13061,2026-08-25,960,500,0.05,20001,0,1,1,360ONE26AUG960PE,0
NSE,82429,360ONE26JUN1120PE,NSE-360ONE-30Jun26-1120-PE,,PE,FNO,,,360ONE,13061,2026-06-30,1120,500,0.05,20001,0,1,1,360ONE26JUN1120PE,0
NSE,66707,360ONE26JUL820CE,NSE-360ONE-28Jul26-820-CE,,CE,FNO,,,360ONE,13061,2026-07-28,820,500,0.05,20001,1,1,1,360ONE26JUL820CE,0
NSE,58553,360ONE26JUL1640PE,NSE-360ONE-28Jul26-1640-PE,,PE,FNO,,,360ONE,13061,2026-07-28,1640,500,0.05,20001,1,1,1,360ONE26JUL1640PE,0
NSE,58074,360ONE26AUGFUT,NSE-360ONE-25Aug26-FUT,,FUT,FNO,,,360ONE,13061,2026-08-25,-0.01,500,0.1,20001,0,1,1,360ONE26AUGFUT,0
NSE,36716,111NSETEST36DECFUT,NSE-111NSETEST-27Nov36-FUT,,FUT,FNO,,,111NSETEST,14774,2036-11-27,-0.01,50,0.05,100001,0,1,1,111NSETEST36DECFUT,0
NSE,41291,360ONE26JUL600CE,NSE-360ONE-28Jul26-600-CE,,CE,FNO,,,360ONE,13061,2026-07-28,600,500,0.05,20001,1,1,1,360ONE26JUL600CE,0
NSE,49324,360ONE26JUN1520PE,NSE-360ONE-30Jun26-1520-PE,,PE,FNO,,,360ONE,13061,2026-06-30,1520,500,0.05,20001,1,1,1,360ONE26JUN1520PE,0
NSE,65177,360ONE26JUN980PE,NSE-360ONE-30Jun26-980-PE,,PE,FNO,,,360ONE,13061,2026-06-30,980,500,0.05,20001,0,1,1,360ONE26JUN980PE,0
NSE,66840,360ONE26AUG1240CE,NSE-360ONE-25Aug26-1240-CE,,CE,FNO,,,360ONE,13061,2026-08-25,1240,500,0.05,20001,0,1,1,360ONE26AUG1240CE,0
NSE,36721,141NSETEST36DECFUT,NSE-141NSETEST-27Nov36-FUT,,FUT,FNO,,,141NSETEST,14781,2036-11-27,-0.01,50,0.05,100001,0,1,1,141NSETEST36DECFUT,0
NSE,66847,360ONE26AUG1360PE,NSE-360ONE-25Aug26-1360-PE,,PE,FNO,,,360ONE,13061,2026-08-25,1360,500,0.05,20001,1,1,1,360ONE26AUG1360PE,0
NSE,66778,360ONE26AUG720CE,NSE-360ONE-25Aug26-720-CE,,CE,FNO,,,360ONE,13061,2026-08-25,720,500,0.05,20001,1,1,1,360ONE26AUG720CE,0
NSE,66718,360ONE26JUL1020PE,NSE-360ONE-28Jul26-1020-PE,,PE,FNO,,,360ONE,13061,2026-07-28,1020,500,0.05,20001,0,1,1,360ONE26JUL1020PE,0
NSE,65240,360ONE26JUL1120CE,NSE-360ONE-28Jul26-1120-CE,,CE,FNO,,,360ONE,13061,2026-07-28,1120,500,0.05,20001,0,1,1,360ONE26JUL1120CE,0
NSE,82408,360ONE26JUN1000CE,NSE-360ONE-30Jun26-1000-CE,,CE,FNO,,,360ONE,13061,2026-06-30,1000,500,0.05,20001,0,1,1,360ONE26JUN1000CE,0
NSE,65170,360ONE26JUN860CE,NSE-360ONE-30Jun26-860-CE,,CE,FNO,,,360ONE,13061,2026-06-30,860,500,0.05,20001,1,1,1,360ONE26JUN860CE,0
NSE,37148,360ONE26JUN1560CE,NSE-360ONE-30Jun26-1560-CE,,CE,FNO,,,360ONE,13061,2026-06-30,1560,500,0.05,20001,1,1,1,360ONE26JUN1560CE,0
NSE,66854,360ONE26AUG1520CE,NSE-360ONE-25Aug26-1520-CE,,CE,FNO,,,360ONE,13061,2026-08-25,1520,500,0.05,20001,1,1,1,360ONE26AUG1520CE,0
NSE,66788,360ONE26AUG880CE,NSE-360ONE-25Aug26-880-CE,,CE,FNO,,,360ONE,13061,2026-08-25,880,500,0.05,20001,0,1,1,360ONE26AUG880CE,0
NSE,65186,360ONE26JUN1180CE,NSE-360ONE-30Jun26-1180-CE,,CE,FNO,,,360ONE,13061,2026-06-30,1180,500,0.05,20001,0,1,1,360ONE26JUN1180CE,0
NSE,82364,360ONE26JUN680PE,NSE-360ONE-30Jun26-680-PE,,PE,FNO,,,360ONE,13061,2026-06-30,680,500,0.05,20001,1,1,1,360ONE26JUN680PE,0
NSE,66729,360ONE26JUL1260CE,NSE-360ONE-28Jul26-1260-CE,,CE,FNO,,,360ONE,13061,2026-07-28,1260,500,0.05,20001,1,1,1,360ONE26JUL1260CE,0
NSE,46199,360ONE26JUL560PE,NSE-360ONE-28Jul26-560-PE,,PE,FNO,,,360ONE,13061,2026-07-28,560,500,0.05,20001,1,1,1,360ONE26JUL560PE,0
NSE,66855,360ONE26AUG1520PE,NSE-360ONE-25Aug26-1520-PE,,PE,FNO,,,360ONE,13061,2026-08-25,1520,500,0.05,20001,1,1,1,360ONE26AUG1520PE,0
NSE,82382,360ONE26JUN960CE,NSE-360ONE-30Jun26-960-CE,,CE,FNO,,,360ONE,13061,2026-06-30,960,500,0.05,20001,0,1,1,360ONE26JUN960CE,0
NSE,82475,360ONE26JUN1240CE,NSE-360ONE-30Jun26-1240-CE,,CE,FNO,,,360ONE,13061,2026-06-30,1240,500,0.05,20001,0,1,1,360ONE26JUN1240CE,0
NSE,66711,360ONE26JUL900CE,NSE-360ONE-28Jul26-900-CE,,CE,FNO,,,360ONE,13061,2026-07-28,900,500,0.05,20001,1,1,1,360ONE26JUL900CE,0
NSE,41293,360ONE26JUL780CE,NSE-360ONE-28Jul26-780-CE,,CE,FNO,,,360ONE,13061,2026-07-28,780,500,0.05,20001,1,1,1,360ONE26JUL780CE,0
NSE,82370,360ONE26JUN800PE,NSE-360ONE-30Jun26-800-PE,,PE,FNO,,,360ONE,13061,2026-06-30,800,500,0.05,20001,1,1,1,360ONE26JUN800PE,0
NSE,82471,360ONE26JUN1200PE,NSE-360ONE-30Jun26-1200-PE,,PE,FNO,,,360ONE,13061,2026-06-30,1200,500,0.05,20001,0,1,1,360ONE26JUN1200PE,0
NSE,65254,360ONE26JUL1320CE,NSE-360ONE-28Jul26-1320-CE,,CE,FNO,,,360ONE,13061,2026-07-28,1320,500,0.05,20001,0,1,1,360ONE26JUL1320CE,0
NSE,65185,360ONE26JUN1140PE,NSE-360ONE-30Jun26-1140-PE,,PE,FNO,,,360ONE,13061,2026-06-30,1140,500,0.05,20001,0,1,1,360ONE26JUN1140PE,0
NSE,65196,360ONE26JUN1300CE,NSE-360ONE-30Jun26-1300-CE,,CE,FNO,,,360ONE,13061,2026-06-30,1300,500,0.05,20001,1,1,1,360ONE26JUN1300CE,0
NSE,66843,360ONE26AUG1280PE,NSE-360ONE-25Aug26-1280-PE,,PE,FNO,,,360ONE,13061,2026-08-25,1280,500,0.05,20001,0,1,1,360ONE26AUG1280PE,0
NSE,66728,360ONE26JUL1220PE,NSE-360ONE-28Jul26-1220-PE,,PE,FNO,,,360ONE,13061,2026-07-28,1220,500,0.05,20001,0,1,1,360ONE26JUL1220PE,0
NSE,65224,360ONE26JUL840CE,NSE-360ONE-28Jul26-840-CE,,CE,FNO,,,360ONE,13061,2026-07-28,840,500,0.05,20001,1,1,1,360ONE26JUL840CE,0
NSE,82379,360ONE26JUN920PE,NSE-360ONE-30Jun26-920-PE,,PE,FNO,,,360ONE,13061,2026-06-30,920,500,0.05,20001,0,1,1,360ONE26JUN920PE,0
NSE,65223,360ONE26JUL800PE,NSE-360ONE-28Jul26-800-PE,,PE,FNO,,,360ONE,13061,2026-07-28,800,500,0.05,20001,1,1,1,360ONE26JUL800PE,0
NSE,41287,360ONE26JUN780CE,NSE-360ONE-30Jun26-780-CE,,CE,FNO,,,360ONE,13061,2026-06-30,780,500,0.05,20001,1,1,1,360ONE26JUN780CE,0
NSE,82371,360ONE26JUN840CE,NSE-360ONE-30Jun26-840-CE,,CE,FNO,,,360ONE,13061,2026-06-30,840,500,0.05,20001,1,1,1,360ONE26JUN840CE,0
NSE,66722,360ONE26JUL1100PE,NSE-360ONE-28Jul26-1100-PE,,PE,FNO,,,360ONE,13061,2026-07-28,1100,500,0.05,20001,0,1,1,360ONE26JUL1100PE,0
NSE,65179,360ONE26JUN1020PE,NSE-360ONE-30Jun26-1020-PE,,PE,FNO,,,360ONE,13061,2026-06-30,1020,500,0.05,20001,0,1,1,360ONE26JUN1020PE,0
NSE,65212,360ONE26JUL720CE,NSE-360ONE-28Jul26-720-CE,,CE,FNO,,,360ONE,13061,2026-07-28,720,500,0.05,20001,1,1,1,360ONE26JUL720CE,0
NSE,66787,360ONE26AUG840PE,NSE-360ONE-25Aug26-840-PE,,PE,FNO,,,360ONE,13061,2026-08-25,840,500,0.05,20001,1,1,1,360ONE26AUG840PE,0
NSE,65237,360ONE26JUL1040PE,NSE-360ONE-28Jul26-1040-PE,,PE,FNO,,,360ONE,13061,2026-07-28,1040,500,0.05,20001,0,1,1,360ONE26JUL1040PE,0
NSE,65180,360ONE26JUN1060CE,NSE-360ONE-30Jun26-1060-CE,,CE,FNO,,,360ONE,13061,2026-06-30,1060,500,0.05,20001,0,1,1,360ONE26JUN1060CE,0
NSE,66723,360ONE26JUL1140CE,NSE-360ONE-28Jul26-1140-CE,,CE,FNO,,,360ONE,13061,2026-07-28,1140,500,0.05,20001,0,1,1,360ONE26JUL1140CE,0
NSE,66849,360ONE26AUG1400PE,NSE-360ONE-25Aug26-1400-PE,,PE,FNO,,,360ONE,13061,2026-08-25,1400,500,0.05,20001,1,1,1,360ONE26AUG1400PE,0
NSE,66753,360ONE26JUL1560PE,NSE-360ONE-28Jul26-1560-PE,,PE,FNO,,,360ONE,13061,2026-07-28,1560,500,0.05,20001,1,1,1,360ONE26JUL1560PE,0
NSE,54731,360ONE26JUN1480PE,NSE-360ONE-30Jun26-1480-PE,,PE,FNO,,,360ONE,13061,2026-06-30,1480,500,0.05,20001,1,1,1,360ONE26JUN1480PE,0
NSE,66835,360ONE26AUG1160CE,NSE-360ONE-25Aug26-1160-CE,,CE,FNO,,,360ONE,13061,2026-08-25,1160,500,0.05,20001,0,1,1,360ONE26AUG1160CE,0
NSE,65261,360ONE26JUL1400PE,NSE-360ONE-28Jul26-1400-PE,,PE,FNO,,,360ONE,13061,2026-07-28,1400,500,0.05,20001,1,1,1,360ONE26JUL1400PE,0
NSE,66827,360ONE26AUG1120PE,NSE-360ONE-25Aug26-1120-PE,,PE,FNO,,,360ONE,13061,2026-08-25,1120,500,0.05,20001,0,1,1,360ONE26AUG1120PE,0
NSE,46190,360ONE26JUN560CE,NSE-360ONE-30Jun26-560-CE,,CE,FNO,,,360ONE,13061,2026-06-30,560,500,0.05,20001,1,1,1,360ONE26JUN560CE,0
NSE,66734,360ONE26JUL1340PE,NSE-360ONE-28Jul26-1340-PE,,PE,FNO,,,360ONE,13061,2026-07-28,1340,500,0.05,20001,1,1,1,360ONE26JUL1340PE,0
NSE,82428,360ONE26JUN1120CE,NSE-360ONE-30Jun26-1120-CE,,CE,FNO,,,360ONE,13061,2026-06-30,1120,500,0.05,20001,0,1,1,360ONE26JUN1120CE,0
NSE,82568,360ONE26JUN1360PE,NSE-360ONE-30Jun26-1360-PE,,PE,FNO,,,360ONE,13061,2026-06-30,1360,500,0.05,20001,1,1,1,360ONE26JUN1360PE,0
NSE,45812,360ONE26JUN1600CE,NSE-360ONE-30Jun26-1600-CE,,CE,FNO,,,360ONE,13061,2026-06-30,1600,500,0.05,20001,1,1,1,360ONE26JUN1600CE,0
NSE,66848,360ONE26AUG1400CE,NSE-360ONE-25Aug26-1400-CE,,CE,FNO,,,360ONE,13061,2026-08-25,1400,500,0.05,20001,1,1,1,360ONE26AUG1400CE,0
NSE,65172,360ONE26JUN900CE,NSE-360ONE-30Jun26-900-CE,,CE,FNO,,,360ONE,13061,2026-06-30,900,500,0.05,20001,1,1,1,360ONE26JUN900CE,0
NSE,66780,360ONE26AUG760CE,NSE-360ONE-25Aug26-760-CE,,CE,FNO,,,360ONE,13061,2026-08-25,760,500,0.05,20001,1,1,1,360ONE26AUG760CE,0
NSE,66735,360ONE26JUL1380CE,NSE-360ONE-28Jul26-1380-CE,,CE,FNO,,,360ONE,13061,2026-07-28,1380,500,0.05,20001,1,1,1,360ONE26JUL1380CE,0
NSE,65238,360ONE26JUL1080CE,NSE-360ONE-28Jul26-1080-CE,,CE,FNO,,,360ONE,13061,2026-07-28,1080,500,0.05,20001,0,1,1,360ONE26JUL1080CE,0
NSE,65253,360ONE26JUL1280PE,NSE-360ONE-28Jul26-1280-PE,,PE,FNO,,,360ONE,13061,2026-07-28,1280,500,0.05,20001,0,1,1,360ONE26JUL1280PE,0
NSE,65171,360ONE26JUN860PE,NSE-360ONE-30Jun26-860-PE,,PE,FNO,,,360ONE,13061,2026-06-30,860,500,0.05,20001,1,1,1,360ONE26JUN860PE,0
NSE,65262,360ONE26JUL1440CE,NSE-360ONE-28Jul26-1440-CE,,CE,FNO,,,360ONE,13061,2026-07-28,1440,500,0.05,20001,1,1,1,360ONE26JUL1440CE,0
NSE,66717,360ONE26JUL1020CE,NSE-360ONE-28Jul26-1020-CE,,CE,FNO,,,360ONE,13061,2026-07-28,1020,500,0.05,20001,0,1,1,360ONE26JUL1020CE,0
NSE,82427,360ONE26JUN1080PE,NSE-360ONE-30Jun26-1080-PE,,PE,FNO,,,360ONE,13061,2026-06-30,1080,500,0.05,20001,0,1,1,360ONE26JUN1080PE,0
NSE,65211,360ONE26JUL680PE,NSE-360ONE-28Jul26-680-PE,,PE,FNO,,,360ONE,13061,2026-07-28,680,500,0.05,20001,1,1,1,360ONE26JUL680PE,0
NSE,66842,360ONE26AUG1280CE,NSE-360ONE-25Aug26-1280-CE,,CE,FNO,,,360ONE,13061,2026-08-25,1280,500,0.05,20001,0,1,1,360ONE26AUG1280CE,0
NSE,49323,360ONE26JUN1520CE,NSE-360ONE-30Jun26-1520-CE,,CE,FNO,,,360ONE,13061,2026-06-30,1520,500,0.05,20001,1,1,1,360ONE26JUN1520CE,0
NSE,48577,181NSETEST36NOVFUT,NSE-181NSETEST-27Nov36-FUT,,FUT,FNO,,,181NSETEST,23447,2036-11-27,-0.01,50,0.05,100001,0,1,1,181NSETEST36NOVFUT,0
NSE,45811,360ONE26JUN1420PE,NSE-360ONE-30Jun26-1420-PE,,PE,FNO,,,360ONE,13061,2026-06-30,1420,500,0.05,20001,1,1,1,360ONE26JUN1420PE,0
NSE,66779,360ONE26AUG720PE,NSE-360ONE-25Aug26-720-PE,,PE,FNO,,,360ONE,13061,2026-08-25,720,500,0.05,20001,1,1,1,360ONE26AUG720PE,0
NSE,65231,360ONE26JUL960PE,NSE-360ONE-28Jul26-960-PE,,PE,FNO,,,360ONE,13061,2026-07-28,960,500,0.05,20001,0,1,1,360ONE26JUL960PE,0
NSE,65184,360ONE26JUN1140CE,NSE-360ONE-30Jun26-1140-CE,,CE,FNO,,,360ONE,13061,2026-06-30,1140,500,0.05,20001,0,1,1,360ONE26JUN1140CE,0
NSE,66823,360ONE26AUG1040PE,NSE-360ONE-25Aug26-1040-PE,,PE,FNO,,,360ONE,13061,2026-08-25,1040,500,0.05,20001,0,1,1,360ONE26AUG1040PE,0
NSE,82470,360ONE26JUN1200CE,NSE-360ONE-30Jun26-1200-CE,,CE,FNO,,,360ONE,13061,2026-06-30,1200,500,0.05,20001,0,1,1,360ONE26JUN1200CE,0
NSE,41285,360ONE26JUN600CE,NSE-360ONE-30Jun26-600-CE,,CE,FNO,,,360ONE,13061,2026-06-30,600,500,0.05,20001,1,1,1,360ONE26JUN600CE,0
NSE,66820,360ONE26AUG1000CE,NSE-360ONE-25Aug26-1000-CE,,CE,FNO,,,360ONE,13061,2026-08-25,1000,500,0.05,20001,0,1,1,360ONE26AUG1000CE,0
NSE,65255,360ONE26JUL1320PE,NSE-360ONE-28Jul26-1320-PE,,PE,FNO,,,360ONE,13061,2026-07-28,1320,500,0.05,20001,0,1,1,360ONE26JUL1320PE,0
NSE,82422,360ONE26JUN1080CE,NSE-360ONE-30Jun26-1080-CE,,CE,FNO,,,360ONE,13061,2026-06-30,1080,500,0.05,20001,0,1,1,360ONE26JUN1080CE,0
NSE,42655,360ONE26JUN1380PE,NSE-360ONE-30Jun26-1380-PE,,PE,FNO,,,360ONE,13061,2026-06-30,1380,500,0.05,20001,1,1,1,360ONE26JUN1380PE,0
NSE,61095,360ONE26JULFUT,NSE-360ONE-28Jul26-FUT,,FUT,FNO,,,360ONE,13061,2026-07-28,-0.01,500,0.1,20001,0,1,1,360ONE26JULFUT,0
NSE,66730,360ONE26JUL1260PE,NSE-360ONE-28Jul26-1260-PE,,PE,FNO,,,360ONE,13061,2026-07-28,1260,500,0.05,20001,1,1,1,360ONE26JUL1260PE,0
NSE,65258,360ONE26JUL1360CE,NSE-360ONE-28Jul26-1360-CE,,CE,FNO,,,360ONE,13061,2026-07-28,1360,500,0.05,20001,1,1,1,360ONE26JUL1360CE,0
NSE,66844,360ONE26AUG1320CE,NSE-360ONE-25Aug26-1320-CE,,CE,FNO,,,360ONE,13061,2026-08-25,1320,500,0.05,20001,1,1,1,360ONE26AUG1320CE,0
NSE,66737,360ONE26JUL1420CE,NSE-360ONE-28Jul26-1420-CE,,CE,FNO,,,360ONE,13061,2026-07-28,1420,500,0.05,20001,1,1,1,360ONE26JUL1420CE,0
NSE,65222,360ONE26JUL800CE,NSE-360ONE-28Jul26-800-CE,,CE,FNO,,,360ONE,13061,2026-07-28,800,500,0.05,20001,1,1,1,360ONE26JUL800CE,0
NSE,65183,360ONE26JUN1100PE,NSE-360ONE-30Jun26-1100-PE,,PE,FNO,,,360ONE,13061,2026-06-30,1100,500,0.05,20001,0,1,1,360ONE26JUN1100PE,0
NSE,82372,360ONE26JUN840PE,NSE-360ONE-30Jun26-840-PE,,PE,FNO,,,360ONE,13061,2026-06-30,840,500,0.05,20001,1,1,1,360ONE26JUN840PE,0
NSE,36702,071NSETEST36DECFUT,NSE-071NSETEST-27Nov36-FUT,,FUT,FNO,,,071NSETEST,14764,2036-11-27,-0.01,50,0.05,100001,0,1,1,071NSETEST36DECFUT,0
NSE,36694,041NSETEST36DECFUT,NSE-041NSETEST-27Nov36-FUT,,FUT,FNO,,,041NSETEST,14755,2036-11-27,-0.01,50,0.05,100001,0,1,1,041NSETEST36DECFUT,0
NSE,82407,360ONE26JUN960PE,NSE-360ONE-30Jun26-960-PE,,PE,FNO,,,360ONE,13061,2026-06-30,960,500,0.05,20001,0,1,1,360ONE26JUN960PE,0
NSE,65236,360ONE26JUL1040CE,NSE-360ONE-28Jul26-1040-CE,,CE,FNO,,,360ONE,13061,2026-07-28,1040,500,0.05,20001,0,1,1,360ONE26JUL1040CE,0
NSE,46198,360ONE26JUL560CE,NSE-360ONE-28Jul26-560-CE,,CE,FNO,,,360ONE,13061,2026-07-28,560,500,0.05,20001,1,1,1,360ONE26JUL560CE,0
NSE,54730,360ONE26JUN1480CE,NSE-360ONE-30Jun26-1480-CE,,CE,FNO,,,360ONE,13061,2026-06-30,1480,500,0.05,20001,1,1,1,360ONE26JUN1480CE,0
NSE,66851,360ONE26AUG1440PE,NSE-360ONE-25Aug26-1440-PE,,PE,FNO,,,360ONE,13061,2026-08-25,1440,500,0.05,20001,1,1,1,360ONE26AUG1440PE,0
NSE,66793,360ONE26AUG880PE,NSE-360ONE-25Aug26-880-PE,,PE,FNO,,,360ONE,13061,2026-08-25,880,500,0.05,20001,0,1,1,360ONE26AUG880PE,0
NSE,41288,360ONE26JUN780PE,NSE-360ONE-30Jun26-780-PE,,PE,FNO,,,360ONE,13061,2026-06-30,780,500,0.05,20001,1,1,1,360ONE26JUN780PE,0
NSE,66721,360ONE26JUL1100CE,NSE-360ONE-28Jul26-1100-CE,,CE,FNO,,,360ONE,13061,2026-07-28,1100,500,0.05,20001,0,1,1,360ONE26JUL1100CE,0
NSE,82570,360ONE26JUN1440PE,NSE-360ONE-30Jun26-1440-PE,,PE,FNO,,,360ONE,13061,2026-06-30,1440,500,0.05,20001,1,1,1,360ONE26JUN1440PE,0
NSE,82373,360ONE26JUN880CE,NSE-360ONE-30Jun26-880-CE,,CE,FNO,,,360ONE,13061,2026-06-30,880,500,0.05,20001,0,1,1,360ONE26JUN880CE,0
NSE,65178,360ONE26JUN1020CE,NSE-360ONE-30Jun26-1020-CE,,CE,FNO,,,360ONE,13061,2026-06-30,1020,500,0.05,20001,0,1,1,360ONE26JUN1020CE,0
NSE,36725,161NSETEST36DECFUT,NSE-161NSETEST-27Nov36-FUT,,FUT,FNO,,,161NSETEST,14784,2036-11-27,-0.01,50,0.05,100001,0,1,1,161NSETEST36DECFUT,0
NSE,36687,011NSETEST36DECFUT,NSE-011NSETEST-27Nov36-FUT,,FUT,FNO,,,011NSETEST,14747,2036-11-27,-0.01,50,0.05,100001,0,1,1,011NSETEST36DECFUT,0
NSE,66716,360ONE26JUL980PE,NSE-360ONE-28Jul26-980-PE,,PE,FNO,,,360ONE,13061,2026-07-28,980,500,0.05,20001,0,1,1,360ONE26JUL980PE,0
NSE,65233,360ONE26JUL1000PE,NSE-360ONE-28Jul26-1000-PE,,PE,FNO,,,360ONE,13061,2026-07-28,1000,500,0.05,20001,0,1,1,360ONE26JUL1000PE,0
NSE,36715,101NSETEST36DECFUT,NSE-101NSETEST-27Nov36-FUT,,FUT,FNO,,,101NSETEST,14772,2036-11-27,-0.01,50,0.05,100001,0,1,1,101NSETEST36DECFUT,0
NSE,36720,131NSETEST36DECFUT,NSE-131NSETEST-27Nov36-FUT,,FUT,FNO,,,131NSETEST,14778,2036-11-27,-0.01,50,0.05,100001,0,1,1,131NSETEST36DECFUT,0
NSE,66736,360ONE26JUL1380PE,NSE-360ONE-28Jul26-1380-PE,,PE,FNO,,,360ONE,13061,2026-07-28,1380,500,0.05,20001,1,1,1,360ONE26JUL1380PE,0
NSE,58550,360ONE26JUN1640CE,NSE-360ONE-30Jun26-1640-CE,,CE,FNO,,,360ONE,13061,2026-06-30,1640,500,0.05,20001,1,1,1,360ONE26JUN1640CE,0
NSE,65248,360ONE26JUL1200CE,NSE-360ONE-28Jul26-1200-CE,,CE,FNO,,,360ONE,13061,2026-07-28,1200,500,0.05,20001,0,1,1,360ONE26JUL1200CE,0
NSE,65193,360ONE26JUN1260PE,NSE-360ONE-30Jun26-1260-PE,,PE,FNO,,,360ONE,13061,2026-06-30,1260,500,0.05,20001,1,1,1,360ONE26JUN1260PE,0
NSE,82564,360ONE26JUN1320PE,NSE-360ONE-30Jun26-1320-PE,,PE,FNO,,,360ONE,13061,2026-06-30,1320,500,0.05,20001,0,1,1,360ONE26JUN1320PE,0
NSE,65263,360ONE26JUL1440PE,NSE-360ONE-28Jul26-1440-PE,,PE,FNO,,,360ONE,13061,2026-07-28,1440,500,0.05,20001,1,1,1,360ONE26JUL1440PE,0
NSE,66836,360ONE26AUG1160PE,NSE-360ONE-25Aug26-1160-PE,,PE,FNO,,,360ONE,13061,2026-08-25,1160,500,0.05,20001,0,1,1,360ONE26AUG1160PE,0
NSE,66794,360ONE26AUG920CE,NSE-360ONE-25Aug26-920-CE,,CE,FNO,,,360ONE,13061,2026-08-25,920,500,0.05,20001,0,1,1,360ONE26AUG920CE,0
NSE,65230,360ONE26JUL960CE,NSE-360ONE-28Jul26-960-CE,,CE,FNO,,,360ONE,13061,2026-07-28,960,500,0.05,20001,0,1,1,360ONE26JUL960CE,0
NSE,66850,360ONE26AUG1440CE,NSE-360ONE-25Aug26-1440-CE,,CE,FNO,,,360ONE,13061,2026-08-25,1440,500,0.05,20001,1,1,1,360ONE26AUG1440CE,0
NSE,65208,360ONE26JUL640PE,NSE-360ONE-28Jul26-640-PE,,PE,FNO,,,360ONE,13061,2026-07-28,640,500,0.05,20001,1,1,1,360ONE26JUL640PE,0
NSE,46191,360ONE26JUN560PE,NSE-360ONE-30Jun26-560-PE,,PE,FNO,,,360ONE,13061,2026-06-30,560,500,0.05,20001,1,1,1,360ONE26JUN560PE,0
NSE,65174,360ONE26JUN940CE,NSE-360ONE-30Jun26-940-CE,,CE,FNO,,,360ONE,13061,2026-06-30,940,500,0.05,20001,1,1,1,360ONE26JUN940CE,0
NSE,82565,360ONE26JUN1360CE,NSE-360ONE-30Jun26-1360-CE,,CE,FNO,,,360ONE,13061,2026-06-30,1360,500,0.05,20001,1,1,1,360ONE26JUN1360CE,0
NSE,45816,360ONE26JUL1480CE,NSE-360ONE-28Jul26-1480-CE,,CE,FNO,,,360ONE,13061,2026-07-28,1480,500,0.05,20001,1,1,1,360ONE26JUL1480CE,0
NSE,66776,360ONE26AUG640CE,NSE-360ONE-25Aug26-640-CE,,CE,FNO,,,360ONE,13061,2026-08-25,640,500,0.05,20001,1,1,1,360ONE26AUG640CE,0
NSE,45810,360ONE26JUN1420CE,NSE-360ONE-30Jun26-1420-CE,,CE,FNO,,,360ONE,13061,2026-06-30,1420,500,0.05,20001,1,1,1,360ONE26JUN1420CE,0
NSE,65247,360ONE26JUL1160PE,NSE-360ONE-28Jul26-1160-PE,,PE,FNO,,,360ONE,13061,2026-07-28,1160,500,0.05,20001,0,1,1,360ONE26JUL1160PE,0
NSE,82421,360ONE26JUN1040PE,NSE-360ONE-30Jun26-1040-PE,,PE,FNO,,,360ONE,13061,2026-06-30,1040,500,0.05,20001,0,1,1,360ONE26JUN1040PE,0
NSE,45815,360ONE26JUN1600PE,NSE-360ONE-30Jun26-1600-PE,,PE,FNO,,,360ONE,13061,2026-06-30,1600,500,0.05,20001,1,1,1,360ONE26JUN1600PE,0
NSE,66710,360ONE26JUL860PE,NSE-360ONE-28Jul26-860-PE,,PE,FNO,,,360ONE,13061,2026-07-28,860,500,0.05,20001,1,1,1,360ONE26JUL860PE,0
NSE,65173,360ONE26JUN900PE,NSE-360ONE-30Jun26-900-PE,,PE,FNO,,,360ONE,13061,2026-06-30,900,500,0.05,20001,1,1,1,360ONE26JUN900PE,0
NSE,43643,360ONE26JUL1600CE,NSE-360ONE-28Jul26-1600-CE,,CE,FNO,,,360ONE,13061,2026-07-28,1600,500,0.05,20001,1,1,1,360ONE26JUL1600CE,0
NSE,66822,360ONE26AUG1040CE,NSE-360ONE-25Aug26-1040-CE,,CE,FNO,,,360ONE,13061,2026-08-25,1040,500,0.05,20001,0,1,1,360ONE26AUG1040CE,0
NSE,66821,360ONE26AUG1000PE,NSE-360ONE-25Aug26-1000-PE,,PE,FNO,,,360ONE,13061,2026-08-25,1000,500,0.05,20001,0,1,1,360ONE26AUG1000PE,0
NSE,65229,360ONE26JUL920PE,NSE-360ONE-28Jul26-920-PE,,PE,FNO,,,360ONE,13061,2026-07-28,920,500,0.05,20001,0,1,1,360ONE26JUL920PE,0
NSE,65210,360ONE26JUL680CE,NSE-360ONE-28Jul26-680-CE,,CE,FNO,,,360ONE,13061,2026-07-28,680,500,0.05,20001,1,1,1,360ONE26JUL680CE,0
NSE,82365,360ONE26JUN720CE,NSE-360ONE-30Jun26-720-CE,,CE,FNO,,,360ONE,13061,2026-06-30,720,500,0.05,20001,1,1,1,360ONE26JUN720CE,0
NSE,66781,360ONE26AUG760PE,NSE-360ONE-25Aug26-760-PE,,PE,FNO,,,360ONE,13061,2026-08-25,760,500,0.05,20001,1,1,1,360ONE26AUG760PE,0
NSE,66872,ABB26JUL5450CE,NSE-ABB-28Jul26-5450-CE,,CE,FNO,,,ABB,13,2026-07-28,5450,125,0.05,3751,1,1,1,ABB26JUL5450CE,0
NSE,66888,ABB26JUL6250CE,NSE-ABB-28Jul26-6250-CE,,CE,FNO,,,ABB,13,2026-07-28,6250,125,0.05,3751,0,1,1,ABB26JUL6250CE,0
NSE,65472,ABB26JUL5800CE,NSE-ABB-28Jul26-5800-CE,,CE,FNO,,,ABB,13,2026-07-28,5800,125,0.05,3751,0,1,1,ABB26JUL5800CE,0
NSE,66979,ABB26AUG4200CE,NSE-ABB-25Aug26-4200-CE,,CE,FNO,,,ABB,13,2026-08-25,4200,125,0.05,3751,1,1,1,ABB26AUG4200CE,0
NSE,67064,ABB26AUG8400PE,NSE-ABB-25Aug26-8400-PE,,PE,FNO,,,ABB,13,2026-08-25,8400,125,0.05,3751,1,1,1,ABB26AUG8400PE,0
NSE,67065,ABB26AUG8500CE,NSE-ABB-25Aug26-8500-CE,,CE,FNO,,,ABB,13,2026-08-25,8500,125,0.05,3751,1,1,1,ABB26AUG8500CE,0
NSE,65389,ABB26JUL5000PE,NSE-ABB-28Jul26-5000-PE,,PE,FNO,,,ABB,13,2026-07-28,5000,125,0.05,3751,1,1,1,ABB26JUL5000PE,0
NSE,65471,ABB26JUL5700PE,NSE-ABB-28Jul26-5700-PE,,PE,FNO,,,ABB,13,2026-07-28,5700,125,0.05,3751,0,1,1,ABB26JUL5700PE,0
NSE,42780,ABB26AUG4900CE,NSE-ABB-25Aug26-4900-CE,,CE,FNO,,,ABB,13,2026-08-25,4900,125,0.05,3751,1,1,1,ABB26AUG4900CE,0
NSE,66898,ABB26JUL6550PE,NSE-ABB-28Jul26-6550-PE,,PE,FNO,,,ABB,13,2026-07-28,6550,125,0.05,3751,0,1,1,ABB26JUL6550PE,0
NSE,66907,ABB26JUL7050CE,NSE-ABB-28Jul26-7050-CE,,CE,FNO,,,ABB,13,2026-07-28,7050,125,0.05,3751,0,1,1,ABB26JUL7050CE,0
NSE,67121,ABB26AUG9200PE,NSE-ABB-25Aug26-9200-PE,,PE,FNO,,,ABB,13,2026-08-25,9200,125,0.05,3751,1,1,1,ABB26AUG9200PE,0
NSE,66988,ABB26AUG5000CE,NSE-ABB-25Aug26-5000-CE,,CE,FNO,,,ABB,13,2026-08-25,5000,125,0.05,3751,1,1,1,ABB26AUG5000CE,0
NSE,66928,ABB26JUL7350PE,NSE-ABB-28Jul26-7350-PE,,PE,FNO,,,ABB,13,2026-07-28,7350,125,0.05,3751,0,1,1,ABB26JUL7350PE,0
NSE,48887,ABB26JUL4900PE,NSE-ABB-28Jul26-4900-PE,,PE,FNO,,,ABB,13,2026-07-28,4900,125,0.05,3751,1,1,1,ABB26JUL4900PE,0
NSE,67125,ABB26AUG9600PE,NSE-ABB-25Aug26-9600-PE,,PE,FNO,,,ABB,13,2026-08-25,9600,125,0.05,3751,1,1,1,ABB26AUG9600PE,0
NSE,41331,ABB26AUG5300PE,NSE-ABB-25Aug26-5300-PE,,PE,FNO,,,ABB,13,2026-08-25,5300,125,0.05,3751,1,1,1,ABB26AUG5300PE,0
NSE,41318,ABB26JUL5350PE,NSE-ABB-28Jul26-5350-PE,,PE,FNO,,,ABB,13,2026-07-28,5350,125,0.05,3751,1,1,1,ABB26JUL5350PE,0
NSE,67018,ABB26AUG6100PE,NSE-ABB-25Aug26-6100-PE,,PE,FNO,,,ABB,13,2026-08-25,6100,125,0.05,3751,0,1,1,ABB26AUG6100PE,0
NSE,67041,ABB26AUG7300CE,NSE-ABB-25Aug26-7300-CE,,CE,FNO,,,ABB,13,2026-08-25,7300,125,0.05,3751,0,1,1,ABB26AUG7300CE,0
NSE,67009,ABB26AUG5700CE,NSE-ABB-25Aug26-5700-CE,,CE,FNO,,,ABB,13,2026-08-25,5700,125,0.05,3751,1,1,1,ABB26AUG5700CE,0
NSE,66905,ABB26JUL6950CE,NSE-ABB-28Jul26-6950-CE,,CE,FNO,,,ABB,13,2026-07-28,6950,125,0.05,3751,0,1,1,ABB26JUL6950CE,0
NSE,65487,ABB26JUL6500PE,NSE-ABB-28Jul26-6500-PE,,PE,FNO,,,ABB,13,2026-07-28,6500,125,0.05,3751,0,1,1,ABB26JUL6500PE,0
NSE,35583,ABB26JUL10300PE,NSE-ABB-28Jul26-10300-PE,,PE,FNO,,,ABB,13,2026-07-28,10300,125,0.05,3751,1,1,1,ABB26JUL10300PE,0
NSE,65422,ABB26JUL5400CE,NSE-ABB-28Jul26-5400-CE,,CE,FNO,,,ABB,13,2026-07-28,5400,125,0.05,3751,1,1,1,ABB26JUL5400CE,0
NSE,65488,ABB26JUL6600CE,NSE-ABB-28Jul26-6600-CE,,CE,FNO,,,ABB,13,2026-07-28,6600,125,0.05,3751,0,1,1,ABB26JUL6600CE,0
NSE,67032,ABB26AUG6800PE,NSE-ABB-25Aug26-6800-PE,,PE,FNO,,,ABB,13,2026-08-25,6800,125,0.05,3751,0,1,1,ABB26AUG6800PE,0
NSE,67033,ABB26AUG6900CE,NSE-ABB-25Aug26-6900-CE,,CE,FNO,,,ABB,13,2026-08-25,6900,125,0.05,3751,0,1,1,ABB26AUG6900CE,0
NSE,42779,ABB26JUL4950PE,NSE-ABB-28Jul26-4950-PE,,PE,FNO,,,ABB,13,2026-07-28,4950,125,0.05,3751,1,1,1,ABB26JUL4950PE,0
NSE,65496,ABB26JUL7000CE,NSE-ABB-28Jul26-7000-CE,,CE,FNO,,,ABB,13,2026-07-28,7000,125,0.05,3751,0,1,1,ABB26JUL7000CE,0
NSE,67003,ABB26AUG5400CE,NSE-ABB-25Aug26-5400-CE,,CE,FNO,,,ABB,13,2026-08-25,5400,125,0.05,3751,1,1,1,ABB26AUG5400CE,0
NSE,42564,ABB26JUL3700PE,NSE-ABB-28Jul26-3700-PE,,PE,FNO,,,ABB,13,2026-07-28,3700,125,0.05,3751,1,1,1,ABB26JUL3700PE,0
NSE,50952,ABB26JUL4500PE,NSE-ABB-28Jul26-4500-PE,,PE,FNO,,,ABB,13,2026-07-28,4500,125,0.05,3751,1,1,1,ABB26JUL4500PE,0
NSE,65481,ABB26JUL6200PE,NSE-ABB-28Jul26-6200-PE,,PE,FNO,,,ABB,13,2026-07-28,6200,125,0.05,3751,0,1,1,ABB26JUL6200PE,0
NSE,67040,ABB26AUG7200PE,NSE-ABB-25Aug26-7200-PE,,PE,FNO,,,ABB,13,2026-08-25,7200,125,0.05,3751,0,1,1,ABB26AUG7200PE,0
NSE,35203,ABB26AUG10200PE,NSE-ABB-25Aug26-10200-PE,,PE,FNO,,,ABB,13,2026-08-25,10200,125,0.05,3751,1,1,1,ABB26AUG10200PE,0
NSE,66984,ABB26AUG4600CE,NSE-ABB-25Aug26-4600-CE,,CE,FNO,,,ABB,13,2026-08-25,4600,125,0.05,3751,1,1,1,ABB26AUG4600CE,0
NSE,67024,ABB26AUG6400PE,NSE-ABB-25Aug26-6400-PE,,PE,FNO,,,ABB,13,2026-08-25,6400,125,0.05,3751,0,1,1,ABB26AUG6400PE,0
NSE,35198,ABB26AUG8900CE,NSE-ABB-25Aug26-8900-CE,,CE,FNO,,,ABB,13,2026-08-25,8900,125,0.05,3751,1,1,1,ABB26AUG8900CE,0
NSE,65427,ABB26JUL5400PE,NSE-ABB-28Jul26-5400-PE,,PE,FNO,,,ABB,13,2026-07-28,5400,125,0.05,3751,1,1,1,ABB26JUL5400PE,0
NSE,67008,ABB26AUG5600PE,NSE-ABB-25Aug26-5600-PE,,PE,FNO,,,ABB,13,2026-08-25,5600,125,0.05,3751,1,1,1,ABB26AUG5600PE,0
NSE,65580,ABB26JUL10000CE,NSE-ABB-28Jul26-10000-CE,,CE,FNO,,,ABB,13,2026-07-28,10000,125,0.05,3751,1,1,1,ABB26JUL10000CE,0
NSE,66929,ABB26JUL7450CE,NSE-ABB-28Jul26-7450-CE,,CE,FNO,,,ABB,13,2026-07-28,7450,125,0.05,3751,0,1,1,ABB26JUL7450CE,0
NSE,66878,ABB26JUL5750CE,NSE-ABB-28Jul26-5750-CE,,CE,FNO,,,ABB,13,2026-07-28,5750,125,0.05,3751,1,1,1,ABB26JUL5750CE,0
NSE,65372,ABB26JUL4200CE,NSE-ABB-28Jul26-4200-CE,,CE,FNO,,,ABB,13,2026-07-28,4200,125,0.05,3751,1,1,1,ABB26JUL4200CE,0
NSE,66906,ABB26JUL6950PE,NSE-ABB-28Jul26-6950-PE,,PE,FNO,,,ABB,13,2026-07-28,6950,125,0.05,3751,0,1,1,ABB26JUL6950PE,0
NSE,65376,ABB26JUL4600CE,NSE-ABB-28Jul26-4600-CE,,CE,FNO,,,ABB,13,2026-07-28,4600,125,0.05,3751,1,1,1,ABB26JUL4600CE,0
NSE,66897,ABB26JUL6550CE,NSE-ABB-28Jul26-6550-CE,,CE,FNO,,,ABB,13,2026-07-28,6550,125,0.05,3751,0,1,1,ABB26JUL6550CE,0
NSE,67108,ABB26AUG8800PE,NSE-ABB-25Aug26-8800-PE,,PE,FNO,,,ABB,13,2026-08-25,8800,125,0.05,3751,1,1,1,ABB26AUG8800PE,0
NSE,39295,ABB26JUL3800CE,NSE-ABB-28Jul26-3800-CE,,CE,FNO,,,ABB,13,2026-07-28,3800,125,0.05,3751,1,1,1,ABB26JUL3800CE,0
NSE,65482,ABB26JUL6300CE,NSE-ABB-28Jul26-6300-CE,,CE,FNO,,,ABB,13,2026-07-28,6300,125,0.05,3751,0,1,1,ABB26JUL6300CE,0
NSE,65495,ABB26JUL6900PE,NSE-ABB-28Jul26-6900-PE,,PE,FNO,,,ABB,13,2026-07-28,6900,125,0.05,3751,0,1,1,ABB26JUL6900PE,0
NSE,65380,ABB26JUL5000CE,NSE-ABB-28Jul26-5000-CE,,CE,FNO,,,ABB,13,2026-07-28,5000,125,0.05,3751,1,1,1,ABB26JUL5000CE,0
NSE,62331,360ONE26JUNFUT,NSE-360ONE-30Jun26-FUT,,FUT,FNO,,,360ONE,13061,2026-06-30,-0.01,500,0.1,20001,0,1,1,360ONE26JUNFUT,0
NSE,39297,ABB26JUL5050CE,NSE-ABB-28Jul26-5050-CE,,CE,FNO,,,ABB,13,2026-07-28,5050,125,0.05,3751,1,1,1,ABB26JUL5050CE,0
NSE,67058,ABB26AUG8100PE,NSE-ABB-25Aug26-8100-PE,,PE,FNO,,,ABB,13,2026-08-25,8100,125,0.05,3751,1,1,1,ABB26AUG8100PE,0
NSE,67059,ABB26AUG8200CE,NSE-ABB-25Aug26-8200-CE,,CE,FNO,,,ABB,13,2026-08-25,8200,125,0.05,3751,0,1,1,ABB26AUG8200CE,0
NSE,66889,ABB26JUL6250PE,NSE-ABB-28Jul26-6250-PE,,PE,FNO,,,ABB,13,2026-07-28,6250,125,0.05,3751,0,1,1,ABB26JUL6250PE,0
NSE,65536,ABB26JUL7400CE,NSE-ABB-28Jul26-7400-CE,,CE,FNO,,,ABB,13,2026-07-28,7400,125,0.05,3751,0,1,1,ABB26JUL7400CE,0
NSE,67025,ABB26AUG6500CE,NSE-ABB-25Aug26-6500-CE,,CE,FNO,,,ABB,13,2026-08-25,6500,125,0.05,3751,0,1,1,ABB26AUG6500CE,0
NSE,65535,ABB26JUL7300PE,NSE-ABB-28Jul26-7300-PE,,PE,FNO,,,ABB,13,2026-07-28,7300,125,0.05,3751,0,1,1,ABB26JUL7300PE,0
NSE,66896,ABB26JUL6450PE,NSE-ABB-28Jul26-6450-PE,,PE,FNO,,,ABB,13,2026-07-28,6450,125,0.05,3751,0,1,1,ABB26JUL6450PE,0
NSE,65486,ABB26JUL6500CE,NSE-ABB-28Jul26-6500-CE,,CE,FNO,,,ABB,13,2026-07-28,6500,125,0.05,3751,0,1,1,ABB26JUL6500CE,0
NSE,66909,ABB26JUL7150CE,NSE-ABB-28Jul26-7150-CE,,CE,FNO,,,ABB,13,2026-07-28,7150,125,0.05,3751,0,1,1,ABB26JUL7150CE,0
NSE,67113,ABB26AUG9200CE,NSE-ABB-25Aug26-9200-CE,,CE,FNO,,,ABB,13,2026-08-25,9200,125,0.05,3751,1,1,1,ABB26AUG9200CE,0
NSE,65537,ABB26JUL7400PE,NSE-ABB-28Jul26-7400-PE,,PE,FNO,,,ABB,13,2026-07-28,7400,125,0.05,3751,0,1,1,ABB26JUL7400PE,0
NSE,67031,ABB26AUG6800CE,NSE-ABB-25Aug26-6800-CE,,CE,FNO,,,ABB,13,2026-08-25,6800,125,0.05,3751,0,1,1,ABB26AUG6800CE,0
NSE,67000,ABB26AUG5200PE,NSE-ABB-25Aug26-5200-PE,,PE,FNO,,,ABB,13,2026-08-25,5200,125,0.05,3751,1,1,1,ABB26AUG5200PE,0
NSE,66877,ABB26JUL5650PE,NSE-ABB-28Jul26-5650-PE,,PE,FNO,,,ABB,13,2026-07-28,5650,125,0.05,3751,1,1,1,ABB26JUL5650PE,0
NSE,41310,ABB26JUL4100PE,NSE-ABB-28Jul26-4100-PE,,PE,FNO,,,ABB,13,2026-07-28,4100,125,0.05,3751,1,1,1,ABB26JUL4100PE,0
NSE,67011,ABB26AUG5800CE,NSE-ABB-25Aug26-5800-CE,,CE,FNO,,,ABB,13,2026-08-25,5800,125,0.05,3751,0,1,1,ABB26AUG5800CE,0
NSE,65473,ABB26JUL5800PE,NSE-ABB-28Jul26-5800-PE,,PE,FNO,,,ABB,13,2026-07-28,5800,125,0.05,3751,0,1,1,ABB26JUL5800PE,0
NSE,41317,ABB26JUL5350CE,NSE-ABB-28Jul26-5350-CE,,CE,FNO,,,ABB,13,2026-07-28,5350,125,0.05,3751,1,1,1,ABB26JUL5350CE,0
NSE,58075,ABB26AUGFUT,NSE-ABB-25Aug26-FUT,,FUT,FNO,,,ABB,13,2026-08-25,-0.01,125,0.5,3751,0,1,1,ABB26AUGFUT,0
NSE,35582,ABB26JUL10300CE,NSE-ABB-28Jul26-10300-CE,,CE,FNO,,,ABB,13,2026-07-28,10300,125,0.05,3751,1,1,1,ABB26JUL10300CE,0
NSE,65474,ABB26JUL5900CE,NSE-ABB-28Jul26-5900-CE,,CE,FNO,,,ABB,13,2026-07-28,5900,125,0.05,3751,0,1,1,ABB26JUL5900CE,0
NSE,35588,ABB26AUG9100PE,NSE-ABB-25Aug26-9100-PE,,PE,FNO,,,ABB,13,2026-08-25,9100,125,0.05,3751,1,1,1,ABB26AUG9100PE,0
NSE,67067,ABB26AUG8600CE,NSE-ABB-25Aug26-8600-CE,,CE,FNO,,,ABB,13,2026-08-25,8600,125,0.05,3751,1,1,1,ABB26AUG8600CE,0
NSE,65485,ABB26JUL6400PE,NSE-ABB-28Jul26-6400-PE,,PE,FNO,,,ABB,13,2026-07-28,6400,125,0.05,3751,0,1,1,ABB26JUL6400PE,0
NSE,67054,ABB26AUG7900PE,NSE-ABB-25Aug26-7900-PE,,PE,FNO,,,ABB,13,2026-08-25,7900,125,0.05,3751,0,1,1,ABB26AUG7900PE,0
NSE,67030,ABB26AUG6700PE,NSE-ABB-25Aug26-6700-PE,,PE,FNO,,,ABB,13,2026-08-25,6700,125,0.05,3751,0,1,1,ABB26AUG6700PE,0
NSE,48883,ABB26JUL4700CE,NSE-ABB-28Jul26-4700-CE,,CE,FNO,,,ABB,13,2026-07-28,4700,125,0.05,3751,1,1,1,ABB26JUL4700CE,0
NSE,65498,ABB26JUL7100CE,NSE-ABB-28Jul26-7100-CE,,CE,FNO,,,ABB,13,2026-07-28,7100,125,0.05,3751,0,1,1,ABB26JUL7100CE,0
NSE,66908,ABB26JUL7050PE,NSE-ABB-28Jul26-7050-PE,,PE,FNO,,,ABB,13,2026-07-28,7050,125,0.05,3751,0,1,1,ABB26JUL7050PE,0
NSE,67042,ABB26AUG7300PE,NSE-ABB-25Aug26-7300-PE,,PE,FNO,,,ABB,13,2026-08-25,7300,125,0.05,3751,0,1,1,ABB26AUG7300PE,0
NSE,67043,ABB26AUG7400CE,NSE-ABB-25Aug26-7400-CE,,CE,FNO,,,ABB,13,2026-08-25,7400,125,0.05,3751,0,1,1,ABB26AUG7400CE,0
NSE,47800,ABB26JUL5300CE,NSE-ABB-28Jul26-5300-CE,,CE,FNO,,,ABB,13,2026-07-28,5300,125,0.05,3751,1,1,1,ABB26JUL5300CE,0
NSE,67066,ABB26AUG8500PE,NSE-ABB-25Aug26-8500-PE,,PE,FNO,,,ABB,13,2026-08-25,8500,125,0.05,3751,1,1,1,ABB26AUG8500PE,0
NSE,66903,ABB26JUL6850CE,NSE-ABB-28Jul26-6850-CE,,CE,FNO,,,ABB,13,2026-07-28,6850,125,0.05,3751,0,1,1,ABB26JUL6850CE,0
NSE,66980,ABB26AUG4200PE,NSE-ABB-25Aug26-4200-PE,,PE,FNO,,,ABB,13,2026-08-25,4200,125,0.05,3751,1,1,1,ABB26AUG4200PE,0
NSE,65497,ABB26JUL7000PE,NSE-ABB-28Jul26-7000-PE,,PE,FNO,,,ABB,13,2026-07-28,7000,125,0.05,3751,0,1,1,ABB26JUL7000PE,0
NSE,47803,ABB26JUL5300PE,NSE-ABB-28Jul26-5300-PE,,PE,FNO,,,ABB,13,2026-07-28,5300,125,0.05,3751,1,1,1,ABB26JUL5300PE,0
NSE,67035,ABB26AUG7000CE,NSE-ABB-25Aug26-7000-CE,,CE,FNO,,,ABB,13,2026-08-25,7000,125,0.05,3751,0,1,1,ABB26AUG7000CE,0
NSE,66904,ABB26JUL6850PE,NSE-ABB-28Jul26-6850-PE,,PE,FNO,,,ABB,13,2026-07-28,6850,125,0.05,3751,0,1,1,ABB26JUL6850PE,0
NSE,66862,ABB26JUL4300CE,NSE-ABB-28Jul26-4300-CE,,CE,FNO,,,ABB,13,2026-07-28,4300,125,0.05,3751,1,1,1,ABB26JUL4300CE,0
NSE,65476,ABB26JUL6000CE,NSE-ABB-28Jul26-6000-CE,,CE,FNO,,,ABB,13,2026-07-28,6000,125,0.05,3751,0,1,1,ABB26JUL6000CE,0
NSE,67056,ABB26AUG8000PE,NSE-ABB-25Aug26-8000-PE,,PE,FNO,,,ABB,13,2026-08-25,8000,125,0.05,3751,0,1,1,ABB26AUG8000PE,0
NSE,65377,ABB26JUL4600PE,NSE-ABB-28Jul26-4600-PE,,PE,FNO,,,ABB,13,2026-07-28,4600,125,0.05,3751,1,1,1,ABB26JUL4600PE,0
NSE,66880,ABB26JUL5850CE,NSE-ABB-28Jul26-5850-CE,,CE,FNO,,,ABB,13,2026-07-28,5850,125,0.05,3751,1,1,1,ABB26JUL5850CE,0
NSE,41330,ABB26AUG5300CE,NSE-ABB-25Aug26-5300-CE,,CE,FNO,,,ABB,13,2026-08-25,5300,125,0.05,3751,1,1,1,ABB26AUG5300CE,0
NSE,67053,ABB26AUG7900CE,NSE-ABB-25Aug26-7900-CE,,CE,FNO,,,ABB,13,2026-08-25,7900,125,0.05,3751,0,1,1,ABB26AUG7900CE,0
NSE,65483,ABB26JUL6300PE,NSE-ABB-28Jul26-6300-PE,,PE,FNO,,,ABB,13,2026-07-28,6300,125,0.05,3751,0,1,1,ABB26JUL6300PE,0
NSE,41312,ABB26JUL5250PE,NSE-ABB-28Jul26-5250-PE,,PE,FNO,,,ABB,13,2026-07-28,5250,125,0.05,3751,1,1,1,ABB26JUL5250PE,0
NSE,65583,ABB26JUL10200PE,NSE-ABB-28Jul26-10200-PE,,PE,FNO,,,ABB,13,2026-07-28,10200,125,0.05,3751,1,1,1,ABB26JUL10200PE,0
NSE,42563,ABB26JUL3700CE,NSE-ABB-28Jul26-3700-CE,,CE,FNO,,,ABB,13,2026-07-28,3700,125,0.05,3751,1,1,1,ABB26JUL3700CE,0
NSE,35202,ABB26AUG10200CE,NSE-ABB-25Aug26-10200-CE,,CE,FNO,,,ABB,13,2026-08-25,10200,125,0.05,3751,1,1,1,ABB26AUG10200CE,0
NSE,67044,ABB26AUG7400PE,NSE-ABB-25Aug26-7400-PE,,PE,FNO,,,ABB,13,2026-08-25,7400,125,0.05,3751,0,1,1,ABB26AUG7400PE,0
NSE,67010,ABB26AUG5700PE,NSE-ABB-25Aug26-5700-PE,,PE,FNO,,,ABB,13,2026-08-25,5700,125,0.05,3751,1,1,1,ABB26AUG5700PE,0
NSE,65373,ABB26JUL4200PE,NSE-ABB-28Jul26-4200-PE,,PE,FNO,,,ABB,13,2026-07-28,4200,125,0.05,3751,1,1,1,ABB26JUL4200PE,0
NSE,67023,ABB26AUG6400CE,NSE-ABB-25Aug26-6400-CE,,CE,FNO,,,ABB,13,2026-08-25,6400,125,0.05,3751,0,1,1,ABB26AUG6400CE,0
NSE,66932,ABB26JUL7450PE,NSE-ABB-28Jul26-7450-PE,,PE,FNO,,,ABB,13,2026-07-28,7450,125,0.05,3751,0,1,1,ABB26JUL7450PE,0
NSE,67057,ABB26AUG8100CE,NSE-ABB-25Aug26-8100-CE,,CE,FNO,,,ABB,13,2026-08-25,8100,125,0.05,3751,1,1,1,ABB26AUG8100CE,0
NSE,66879,ABB26JUL5750PE,NSE-ABB-28Jul26-5750-PE,,PE,FNO,,,ABB,13,2026-07-28,5750,125,0.05,3751,1,1,1,ABB26JUL5750PE,0
NSE,35199,ABB26AUG8900PE,NSE-ABB-25Aug26-8900-PE,,PE,FNO,,,ABB,13,2026-08-25,8900,125,0.05,3751,1,1,1,ABB26AUG8900PE,0
NSE,66985,ABB26AUG4600PE,NSE-ABB-25Aug26-4600-PE,,PE,FNO,,,ABB,13,2026-08-25,4600,125,0.05,3751,1,1,1,ABB26AUG4600PE,0
NSE,67124,ABB26AUG9600CE,NSE-ABB-25Aug26-9600-CE,,CE,FNO,,,ABB,13,2026-08-25,9600,125,0.05,3751,1,1,1,ABB26AUG9600CE,0
NSE,65538,ABB26JUL7500CE,NSE-ABB-28Jul26-7500-CE,,CE,FNO,,,ABB,13,2026-07-28,7500,125,0.05,3751,0,1,1,ABB26JUL7500CE,0
NSE,65494,ABB26JUL6900CE,NSE-ABB-28Jul26-6900-CE,,CE,FNO,,,ABB,13,2026-07-28,6900,125,0.05,3751,0,1,1,ABB26JUL6900CE,0
NSE,67022,ABB26AUG6300PE,NSE-ABB-25Aug26-6300-PE,,PE,FNO,,,ABB,13,2026-08-25,6300,125,0.05,3751,0,1,1,ABB26AUG6300PE,0
NSE,65493,ABB26JUL6800PE,NSE-ABB-28Jul26-6800-PE,,PE,FNO,,,ABB,13,2026-07-28,6800,125,0.05,3751,0,1,1,ABB26JUL6800PE,0
NSE,66892,ABB26JUL6450CE,NSE-ABB-28Jul26-6450-CE,,CE,FNO,,,ABB,13,2026-07-28,6450,125,0.05,3751,0,1,1,ABB26JUL6450CE,0
NSE,65539,ABB26JUL7500PE,NSE-ABB-28Jul26-7500-PE,,PE,FNO,,,ABB,13,2026-07-28,7500,125,0.05,3751,0,1,1,ABB26JUL7500PE,0
NSE,67013,ABB26AUG5900CE,NSE-ABB-25Aug26-5900-CE,,CE,FNO,,,ABB,13,2026-08-25,5900,125,0.05,3751,1,1,1,ABB26AUG5900CE,0
NSE,41308,ABB26JUL4000PE,NSE-ABB-28Jul26-4000-PE,,PE,FNO,,,ABB,13,2026-07-28,4000,125,0.05,3751,1,1,1,ABB26JUL4000PE,0
NSE,65491,ABB26JUL6700PE,NSE-ABB-28Jul26-6700-PE,,PE,FNO,,,ABB,13,2026-07-28,6700,125,0.05,3751,0,1,1,ABB26JUL6700PE,0
NSE,65475,ABB26JUL5900PE,NSE-ABB-28Jul26-5900-PE,,PE,FNO,,,ABB,13,2026-07-28,5900,125,0.05,3751,0,1,1,ABB26JUL5900PE,0
NSE,67045,ABB26AUG7500CE,NSE-ABB-25Aug26-7500-CE,,CE,FNO,,,ABB,13,2026-08-25,7500,125,0.05,3751,0,1,1,ABB26AUG7500CE,0
NSE,66891,ABB26JUL6350PE,NSE-ABB-28Jul26-6350-PE,,PE,FNO,,,ABB,13,2026-07-28,6350,125,0.05,3751,0,1,1,ABB26JUL6350PE,0
NSE,67061,ABB26AUG8300CE,NSE-ABB-25Aug26-8300-CE,,CE,FNO,,,ABB,13,2026-08-25,8300,125,0.05,3751,1,1,1,ABB26AUG8300CE,0
NSE,67072,ABB26AUG8600PE,NSE-ABB-25Aug26-8600-PE,,PE,FNO,,,ABB,13,2026-08-25,8600,125,0.05,3751,1,1,1,ABB26AUG8600PE,0
NSE,66875,ABB26JUL5550PE,NSE-ABB-28Jul26-5550-PE,,PE,FNO,,,ABB,13,2026-07-28,5550,125,0.05,3751,1,1,1,ABB26JUL5550PE,0
NSE,65440,ABB26JUL5600CE,NSE-ABB-28Jul26-5600-CE,,CE,FNO,,,ABB,13,2026-07-28,5600,125,0.05,3751,1,1,1,ABB26JUL5600CE,0
NSE,41321,ABB26AUG4000CE,NSE-ABB-25Aug26-4000-CE,,CE,FNO,,,ABB,13,2026-08-25,4000,125,0.05,3751,1,1,1,ABB26AUG4000CE,0
NSE,67052,ABB26AUG7800PE,NSE-ABB-25Aug26-7800-PE,,PE,FNO,,,ABB,13,2026-08-25,7800,125,0.05,3751,0,1,1,ABB26AUG7800PE,0
NSE,65484,ABB26JUL6400CE,NSE-ABB-28Jul26-6400-CE,,CE,FNO,,,ABB,13,2026-07-28,6400,125,0.05,3751,0,1,1,ABB26JUL6400CE,0
NSE,65500,ABB26JUL7200CE,NSE-ABB-28Jul26-7200-CE,,CE,FNO,,,ABB,13,2026-07-28,7200,125,0.05,3751,0,1,1,ABB26JUL7200CE,0
NSE,67029,ABB26AUG6700CE,NSE-ABB-25Aug26-6700-CE,,CE,FNO,,,ABB,13,2026-08-25,6700,125,0.05,3751,0,1,1,ABB26AUG6700CE,0
NSE,67028,ABB26AUG6600PE,NSE-ABB-25Aug26-6600-PE,,PE,FNO,,,ABB,13,2026-08-25,6600,125,0.05,3751,0,1,1,ABB26AUG6600PE,0
NSE,67015,ABB26AUG6000CE,NSE-ABB-25Aug26-6000-CE,,CE,FNO,,,ABB,13,2026-08-25,6000,125,0.05,3751,0,1,1,ABB26AUG6000CE,0
NSE,66884,ABB26JUL6050CE,NSE-ABB-28Jul26-6050-CE,,CE,FNO,,,ABB,13,2026-07-28,6050,125,0.05,3751,1,1,1,ABB26JUL6050CE,0
NSE,66981,ABB26AUG4400CE,NSE-ABB-25Aug26-4400-CE,,CE,FNO,,,ABB,13,2026-08-25,4400,125,0.05,3751,1,1,1,ABB26AUG4400CE,0
NSE,41309,ABB26JUL4100CE,NSE-ABB-28Jul26-4100-CE,,CE,FNO,,,ABB,13,2026-07-28,4100,125,0.05,3751,1,1,1,ABB26JUL4100CE,0
NSE,66876,ABB26JUL5650CE,NSE-ABB-28Jul26-5650-CE,,CE,FNO,,,ABB,13,2026-07-28,5650,125,0.05,3751,1,1,1,ABB26JUL5650CE,0
NSE,67112,ABB26AUG9000PE,NSE-ABB-25Aug26-9000-PE,,PE,FNO,,,ABB,13,2026-08-25,9000,125,0.05,3751,1,1,1,ABB26AUG9000PE,0
NSE,35587,ABB26AUG9100CE,NSE-ABB-25Aug26-9100-CE,,CE,FNO,,,ABB,13,2026-08-25,9100,125,0.05,3751,1,1,1,ABB26AUG9100CE,0
NSE,66911,ABB26JUL7250CE,NSE-ABB-28Jul26-7250-CE,,CE,FNO,,,ABB,13,2026-07-28,7250,125,0.05,3751,0,1,1,ABB26JUL7250CE,0
NSE,65421,ABB26JUL5200PE,NSE-ABB-28Jul26-5200-PE,,PE,FNO,,,ABB,13,2026-07-28,5200,125,0.05,3751,1,1,1,ABB26JUL5200PE,0
NSE,66902,ABB26JUL6750PE,NSE-ABB-28Jul26-6750-PE,,PE,FNO,,,ABB,13,2026-07-28,6750,125,0.05,3751,0,1,1,ABB26JUL6750PE,0
NSE,35196,ABB26AUG8700CE,NSE-ABB-25Aug26-8700-CE,,CE,FNO,,,ABB,13,2026-08-25,8700,125,0.05,3751,1,1,1,ABB26AUG8700CE,0
NSE,48884,ABB26JUL4700PE,NSE-ABB-28Jul26-4700-PE,,PE,FNO,,,ABB,13,2026-07-28,4700,125,0.05,3751,1,1,1,ABB26JUL4700PE,0
NSE,65378,ABB26JUL4800CE,NSE-ABB-28Jul26-4800-CE,,CE,FNO,,,ABB,13,2026-07-28,4800,125,0.05,3751,1,1,1,ABB26JUL4800CE,0
NSE,67127,ABB26AUG9800PE,NSE-ABB-25Aug26-9800-PE,,PE,FNO,,,ABB,13,2026-08-25,9800,125,0.05,3751,1,1,1,ABB26AUG9800PE,0
NSE,67006,ABB26AUG5500PE,NSE-ABB-25Aug26-5500-PE,,PE,FNO,,,ABB,13,2026-08-25,5500,125,0.05,3751,1,1,1,ABB26AUG5500PE,0
NSE,66910,ABB26JUL7150PE,NSE-ABB-28Jul26-7150-PE,,PE,FNO,,,ABB,13,2026-07-28,7150,125,0.05,3751,0,1,1,ABB26JUL7150PE,0
NSE,35195,ABB26JUL10100PE,NSE-ABB-28Jul26-10100-PE,,PE,FNO,,,ABB,13,2026-07-28,10100,125,0.05,3751,1,1,1,ABB26JUL10100PE,0
NSE,65390,ABB26JUL5200CE,NSE-ABB-28Jul26-5200-CE,,CE,FNO,,,ABB,13,2026-07-28,5200,125,0.05,3751,1,1,1,ABB26JUL5200CE,0
NSE,66882,ABB26JUL5950CE,NSE-ABB-28Jul26-5950-CE,,CE,FNO,,,ABB,13,2026-07-28,5950,125,0.05,3751,1,1,1,ABB26JUL5950CE,0
NSE,66901,ABB26JUL6750CE,NSE-ABB-28Jul26-6750-CE,,CE,FNO,,,ABB,13,2026-07-28,6750,125,0.05,3751,0,1,1,ABB26JUL6750CE,0
NSE,67037,ABB26AUG7100CE,NSE-ABB-25Aug26-7100-CE,,CE,FNO,,,ABB,13,2026-08-25,7100,125,0.05,3751,0,1,1,ABB26AUG7100CE,0
NSE,49411,ABB26JUL5150PE,NSE-ABB-28Jul26-5150-PE,,PE,FNO,,,ABB,13,2026-07-28,5150,125,0.05,3751,1,1,1,ABB26JUL5150PE,0
NSE,66885,ABB26JUL6050PE,NSE-ABB-28Jul26-6050-PE,,PE,FNO,,,ABB,13,2026-07-28,6050,125,0.05,3751,1,1,1,ABB26JUL6050PE,0
NSE,67020,ABB26AUG6200PE,NSE-ABB-25Aug26-6200-PE,,PE,FNO,,,ABB,13,2026-08-25,6200,125,0.05,3751,0,1,1,ABB26AUG6200PE,0
NSE,35201,ABB26AUG10000PE,NSE-ABB-25Aug26-10000-PE,,PE,FNO,,,ABB,13,2026-08-25,10000,125,0.05,3751,1,1,1,ABB26AUG10000PE,0
NSE,67021,ABB26AUG6300CE,NSE-ABB-25Aug26-6300-CE,,CE,FNO,,,ABB,13,2026-08-25,6300,125,0.05,3751,0,1,1,ABB26AUG6300CE,0
NSE,67036,ABB26AUG7000PE,NSE-ABB-25Aug26-7000-PE,,PE,FNO,,,ABB,13,2026-08-25,7000,125,0.05,3751,0,1,1,ABB26AUG7000PE,0
NSE,65499,ABB26JUL7100PE,NSE-ABB-28Jul26-7100-PE,,PE,FNO,,,ABB,13,2026-07-28,7100,125,0.05,3751,0,1,1,ABB26JUL7100PE,0
NSE,67055,ABB26AUG8000CE,NSE-ABB-25Aug26-8000-CE,,CE,FNO,,,ABB,13,2026-08-25,8000,125,0.05,3751,0,1,1,ABB26AUG8000CE,0
NSE,65582,ABB26JUL10200CE,NSE-ABB-28Jul26-10200-CE,,CE,FNO,,,ABB,13,2026-07-28,10200,125,0.05,3751,1,1,1,ABB26JUL10200CE,0
NSE,65469,ABB26JUL5600PE,NSE-ABB-28Jul26-5600-PE,,PE,FNO,,,ABB,13,2026-07-28,5600,125,0.05,3751,1,1,1,ABB26JUL5600PE,0
NSE,67051,ABB26AUG7800CE,NSE-ABB-25Aug26-7800-CE,,CE,FNO,,,ABB,13,2026-08-25,7800,125,0.05,3751,0,1,1,ABB26AUG7800CE,0
NSE,51644,ABB26JUL3900PE,NSE-ABB-28Jul26-3900-PE,,PE,FNO,,,ABB,13,2026-07-28,3900,125,0.05,3751,1,1,1,ABB26JUL3900PE,0
NSE,66863,ABB26JUL4300PE,NSE-ABB-28Jul26-4300-PE,,PE,FNO,,,ABB,13,2026-07-28,4300,125,0.05,3751,1,1,1,ABB26JUL4300PE,0
NSE,65492,ABB26JUL6800CE,NSE-ABB-28Jul26-6800-CE,,CE,FNO,,,ABB,13,2026-07-28,6800,125,0.05,3751,0,1,1,ABB26JUL6800CE,0
NSE,67046,ABB26AUG7500PE,NSE-ABB-25Aug26-7500-PE,,PE,FNO,,,ABB,13,2026-08-25,7500,125,0.05,3751,0,1,1,ABB26AUG7500PE,0
NSE,66986,ABB26AUG4800CE,NSE-ABB-25Aug26-4800-CE,,CE,FNO,,,ABB,13,2026-08-25,4800,125,0.05,3751,1,1,1,ABB26AUG4800CE,0
NSE,41311,ABB26JUL5250CE,NSE-ABB-28Jul26-5250-CE,,CE,FNO,,,ABB,13,2026-07-28,5250,125,0.05,3751,1,1,1,ABB26JUL5250CE,0
NSE,67012,ABB26AUG5800PE,NSE-ABB-25Aug26-5800-PE,,PE,FNO,,,ABB,13,2026-08-25,5800,125,0.05,3751,0,1,1,ABB26AUG5800PE,0
NSE,66890,ABB26JUL6350CE,NSE-ABB-28Jul26-6350-CE,,CE,FNO,,,ABB,13,2026-07-28,6350,125,0.05,3751,0,1,1,ABB26JUL6350CE,0
NSE,65477,ABB26JUL6000PE,NSE-ABB-28Jul26-6000-PE,,PE,FNO,,,ABB,13,2026-07-28,6000,125,0.05,3751,0,1,1,ABB26JUL6000PE,0
NSE,65478,ABB26JUL6100CE,NSE-ABB-28Jul26-6100-CE,,CE,FNO,,,ABB,13,2026-07-28,6100,125,0.05,3751,0,1,1,ABB26JUL6100CE,0
NSE,51653,ABB26AUG5100PE,NSE-ABB-25Aug26-5100-PE,,PE,FNO,,,ABB,13,2026-08-25,5100,125,0.05,3751,1,1,1,ABB26AUG5100PE,0
NSE,65374,ABB26JUL4400CE,NSE-ABB-28Jul26-4400-CE,,CE,FNO,,,ABB,13,2026-07-28,4400,125,0.05,3751,1,1,1,ABB26JUL4400CE,0
NSE,67123,ABB26AUG9400PE,NSE-ABB-25Aug26-9400-PE,,PE,FNO,,,ABB,13,2026-08-25,9400,125,0.05,3751,1,1,1,ABB26AUG9400PE,0
NSE,66999,ABB26AUG5200CE,NSE-ABB-25Aug26-5200-CE,,CE,FNO,,,ABB,13,2026-08-25,5200,125,0.05,3751,1,1,1,ABB26AUG5200CE,0
NSE,66881,ABB26JUL5850PE,NSE-ABB-28Jul26-5850-PE,,PE,FNO,,,ABB,13,2026-07-28,5850,125,0.05,3751,1,1,1,ABB26JUL5850PE,0
NSE,67050,ABB26AUG7700PE,NSE-ABB-25Aug26-7700-PE,,PE,FNO,,,ABB,13,2026-08-25,7700,125,0.05,3751,0,1,1,ABB26AUG7700PE,0
NSE,65470,ABB26JUL5700CE,NSE-ABB-28Jul26-5700-CE,,CE,FNO,,,ABB,13,2026-07-28,5700,125,0.05,3751,0,1,1,ABB26JUL5700CE,0
NSE,66926,ABB26JUL7250PE,NSE-ABB-28Jul26-7250-PE,,PE,FNO,,,ABB,13,2026-07-28,7250,125,0.05,3751,0,1,1,ABB26JUL7250PE,0
NSE,67063,ABB26AUG8400CE,NSE-ABB-25Aug26-8400-CE,,CE,FNO,,,ABB,13,2026-08-25,8400,125,0.05,3751,1,1,1,ABB26AUG8400CE,0
NSE,65518,ABB26JUL7300CE,NSE-ABB-28Jul26-7300-CE,,CE,FNO,,,ABB,13,2026-07-28,7300,125,0.05,3751,0,1,1,ABB26JUL7300CE,0
NSE,66996,ABB26AUG5000PE,NSE-ABB-25Aug26-5000-PE,,PE,FNO,,,ABB,13,2026-08-25,5000,125,0.05,3751,1,1,1,ABB26AUG5000PE,0
NSE,48885,ABB26JUL4900CE,NSE-ABB-28Jul26-4900-CE,,CE,FNO,,,ABB,13,2026-07-28,4900,125,0.05,3751,1,1,1,ABB26JUL4900CE,0
NSE,67034,ABB26AUG6900PE,NSE-ABB-25Aug26-6900-PE,,PE,FNO,,,ABB,13,2026-08-25,6900,125,0.05,3751,0,1,1,ABB26AUG6900PE,0
NSE,67027,ABB26AUG6600CE,NSE-ABB-25Aug26-6600-CE,,CE,FNO,,,ABB,13,2026-08-25,6600,125,0.05,3751,0,1,1,ABB26AUG6600CE,0
NSE,66886,ABB26JUL6150CE,NSE-ABB-28Jul26-6150-CE,,CE,FNO,,,ABB,13,2026-07-28,6150,125,0.05,3751,0,1,1,ABB26JUL6150CE,0
NSE,66983,ABB26AUG4400PE,NSE-ABB-25Aug26-4400-PE,,PE,FNO,,,ABB,13,2026-08-25,4400,125,0.05,3751,1,1,1,ABB26AUG4400PE,0
NSE,65489,ABB26JUL6600PE,NSE-ABB-28Jul26-6600-PE,,PE,FNO,,,ABB,13,2026-07-28,6600,125,0.05,3751,0,1,1,ABB26JUL6600PE,0
NSE,67047,ABB26AUG7600CE,NSE-ABB-25Aug26-7600-CE,,CE,FNO,,,ABB,13,2026-08-25,7600,125,0.05,3751,0,1,1,ABB26AUG7600CE,0
NSE,35197,ABB26AUG8700PE,NSE-ABB-25Aug26-8700-PE,,PE,FNO,,,ABB,13,2026-08-25,8700,125,0.05,3751,1,1,1,ABB26AUG8700PE,0
NSE,65428,ABB26JUL5500CE,NSE-ABB-28Jul26-5500-CE,,CE,FNO,,,ABB,13,2026-07-28,5500,125,0.05,3751,1,1,1,ABB26JUL5500CE,0
NSE,41322,ABB26AUG4000PE,NSE-ABB-25Aug26-4000-PE,,PE,FNO,,,ABB,13,2026-08-25,4000,125,0.05,3751,1,1,1,ABB26AUG4000PE,0
NSE,67062,ABB26AUG8300PE,NSE-ABB-25Aug26-8300-PE,,PE,FNO,,,ABB,13,2026-08-25,8300,125,0.05,3751,1,1,1,ABB26AUG8300PE,0
NSE,48889,ABB26JUL5100PE,NSE-ABB-28Jul26-5100-PE,,PE,FNO,,,ABB,13,2026-07-28,5100,125,0.05,3751,1,1,1,ABB26JUL5100PE,0
NSE,66927,ABB26JUL7350CE,NSE-ABB-28Jul26-7350-CE,,CE,FNO,,,ABB,13,2026-07-28,7350,125,0.05,3751,0,1,1,ABB26JUL7350CE,0
NSE,66900,ABB26JUL6650PE,NSE-ABB-28Jul26-6650-PE,,PE,FNO,,,ABB,13,2026-07-28,6650,125,0.05,3751,0,1,1,ABB26JUL6650PE,0
NSE,42781,ABB26AUG4900PE,NSE-ABB-25Aug26-4900-PE,,PE,FNO,,,ABB,13,2026-08-25,4900,125,0.05,3751,1,1,1,ABB26AUG4900PE,0
NSE,65490,ABB26JUL6700CE,NSE-ABB-28Jul26-6700-CE,,CE,FNO,,,ABB,13,2026-07-28,6700,125,0.05,3751,0,1,1,ABB26JUL6700CE,0
NSE,67004,ABB26AUG5400PE,NSE-ABB-25Aug26-5400-PE,,PE,FNO,,,ABB,13,2026-08-25,5400,125,0.05,3751,1,1,1,ABB26AUG5400PE,0
NSE,67109,ABB26AUG9000CE,NSE-ABB-25Aug26-9000-CE,,CE,FNO,,,ABB,13,2026-08-25,9000,125,0.05,3751,1,1,1,ABB26AUG9000CE,0
NSE,65379,ABB26JUL4800PE,NSE-ABB-28Jul26-4800-PE,,PE,FNO,,,ABB,13,2026-07-28,4800,125,0.05,3751,1,1,1,ABB26JUL4800PE,0
NSE,67016,ABB26AUG6000PE,NSE-ABB-25Aug26-6000-PE,,PE,FNO,,,ABB,13,2026-08-25,6000,125,0.05,3751,0,1,1,ABB26AUG6000PE,0
NSE,67017,ABB26AUG6100CE,NSE-ABB-25Aug26-6100-CE,,CE,FNO,,,ABB,13,2026-08-25,6100,125,0.05,3751,0,1,1,ABB26AUG6100CE,0
NSE,66873,ABB26JUL5450PE,NSE-ABB-28Jul26-5450-PE,,PE,FNO,,,ABB,13,2026-07-28,5450,125,0.05,3751,1,1,1,ABB26JUL5450PE,0
NSE,41307,ABB26JUL4000CE,NSE-ABB-28Jul26-4000-CE,,CE,FNO,,,ABB,13,2026-07-28,4000,125,0.05,3751,1,1,1,ABB26JUL4000CE,0
NSE,40923,ABB26AUG3800PE,NSE-ABB-25Aug26-3800-PE,,PE,FNO,,,ABB,13,2026-08-25,3800,125,0.05,3751,1,1,1,ABB26AUG3800PE,0
NSE,67007,ABB26AUG5600CE,NSE-ABB-25Aug26-5600-CE,,CE,FNO,,,ABB,13,2026-08-25,5600,125,0.05,3751,1,1,1,ABB26AUG5600CE,0
NSE,66874,ABB26JUL5550CE,NSE-ABB-28Jul26-5550-CE,,CE,FNO,,,ABB,13,2026-07-28,5550,125,0.05,3751,1,1,1,ABB26JUL5550CE,0
NSE,67019,ABB26AUG6200CE,NSE-ABB-25Aug26-6200-CE,,CE,FNO,,,ABB,13,2026-08-25,6200,125,0.05,3751,0,1,1,ABB26AUG6200CE,0
NSE,35200,ABB26AUG10000CE,NSE-ABB-25Aug26-10000-CE,,CE,FNO,,,ABB,13,2026-08-25,10000,125,0.05,3751,1,1,1,ABB26AUG10000CE,0
NSE,39302,ABB26JUL5050PE,NSE-ABB-28Jul26-5050-PE,,PE,FNO,,,ABB,13,2026-07-28,5050,125,0.05,3751,1,1,1,ABB26JUL5050PE,0
NSE,40922,ABB26AUG3800CE,NSE-ABB-25Aug26-3800-CE,,CE,FNO,,,ABB,13,2026-08-25,3800,125,0.05,3751,1,1,1,ABB26AUG3800CE,0
NSE,65479,ABB26JUL6100PE,NSE-ABB-28Jul26-6100-PE,,PE,FNO,,,ABB,13,2026-07-28,6100,125,0.05,3751,0,1,1,ABB26JUL6100PE,0
NSE,67005,ABB26AUG5500CE,NSE-ABB-25Aug26-5500-CE,,CE,FNO,,,ABB,13,2026-08-25,5500,125,0.05,3751,1,1,1,ABB26AUG5500CE,0
NSE,67026,ABB26AUG6500PE,NSE-ABB-25Aug26-6500-PE,,PE,FNO,,,ABB,13,2026-08-25,6500,125,0.05,3751,0,1,1,ABB26AUG6500PE,0
NSE,67038,ABB26AUG7100PE,NSE-ABB-25Aug26-7100-PE,,PE,FNO,,,ABB,13,2026-08-25,7100,125,0.05,3751,0,1,1,ABB26AUG7100PE,0
NSE,65375,ABB26JUL4400PE,NSE-ABB-28Jul26-4400-PE,,PE,FNO,,,ABB,13,2026-07-28,4400,125,0.05,3751,1,1,1,ABB26JUL4400PE,0
NSE,66899,ABB26JUL6650CE,NSE-ABB-28Jul26-6650-CE,,CE,FNO,,,ABB,13,2026-07-28,6650,125,0.05,3751,0,1,1,ABB26JUL6650CE,0
NSE,66987,ABB26AUG4800PE,NSE-ABB-25Aug26-4800-PE,,PE,FNO,,,ABB,13,2026-08-25,4800,125,0.05,3751,1,1,1,ABB26AUG4800PE,0
NSE,67126,ABB26AUG9800CE,NSE-ABB-25Aug26-9800-CE,,CE,FNO,,,ABB,13,2026-08-25,9800,125,0.05,3751,1,1,1,ABB26AUG9800CE,0
NSE,42778,ABB26JUL4950CE,NSE-ABB-28Jul26-4950-CE,,CE,FNO,,,ABB,13,2026-07-28,4950,125,0.05,3751,1,1,1,ABB26JUL4950CE,0
NSE,67039,ABB26AUG7200CE,NSE-ABB-25Aug26-7200-CE,,CE,FNO,,,ABB,13,2026-08-25,7200,125,0.05,3751,0,1,1,ABB26AUG7200CE,0
NSE,67073,ABB26AUG8800CE,NSE-ABB-25Aug26-8800-CE,,CE,FNO,,,ABB,13,2026-08-25,8800,125,0.05,3751,1,1,1,ABB26AUG8800CE,0
NSE,48888,ABB26JUL5100CE,NSE-ABB-28Jul26-5100-CE,,CE,FNO,,,ABB,13,2026-07-28,5100,125,0.05,3751,1,1,1,ABB26JUL5100CE,0
NSE,66887,ABB26JUL6150PE,NSE-ABB-28Jul26-6150-PE,,PE,FNO,,,ABB,13,2026-07-28,6150,125,0.05,3751,0,1,1,ABB26JUL6150PE,0
NSE,67122,ABB26AUG9400CE,NSE-ABB-25Aug26-9400-CE,,CE,FNO,,,ABB,13,2026-08-25,9400,125,0.05,3751,1,1,1,ABB26AUG9400CE,0
NSE,65501,ABB26JUL7200PE,NSE-ABB-28Jul26-7200-PE,,PE,FNO,,,ABB,13,2026-07-28,7200,125,0.05,3751,0,1,1,ABB26JUL7200PE,0
NSE,51652,ABB26AUG5100CE,NSE-ABB-25Aug26-5100-CE,,CE,FNO,,,ABB,13,2026-08-25,5100,125,0.05,3751,1,1,1,ABB26AUG5100CE,0
NSE,67060,ABB26AUG8200PE,NSE-ABB-25Aug26-8200-PE,,PE,FNO,,,ABB,13,2026-08-25,8200,125,0.05,3751,0,1,1,ABB26AUG8200PE,0
NSE,50949,ABB26JUL4500CE,NSE-ABB-28Jul26-4500-CE,,CE,FNO,,,ABB,13,2026-07-28,4500,125,0.05,3751,1,1,1,ABB26JUL4500CE,0
NSE,66883,ABB26JUL5950PE,NSE-ABB-28Jul26-5950-PE,,PE,FNO,,,ABB,13,2026-07-28,5950,125,0.05,3751,1,1,1,ABB26JUL5950PE,0
NSE,67014,ABB26AUG5900PE,NSE-ABB-25Aug26-5900-PE,,PE,FNO,,,ABB,13,2026-08-25,5900,125,0.05,3751,1,1,1,ABB26AUG5900PE,0
NSE,67049,ABB26AUG7700CE,NSE-ABB-25Aug26-7700-CE,,CE,FNO,,,ABB,13,2026-08-25,7700,125,0.05,3751,0,1,1,ABB26AUG7700CE,0
NSE,35194,ABB26JUL10100CE,NSE-ABB-28Jul26-10100-CE,,CE,FNO,,,ABB,13,2026-07-28,10100,125,0.05,3751,1,1,1,ABB26JUL10100CE,0
NSE,39296,ABB26JUL3800PE,NSE-ABB-28Jul26-3800-PE,,PE,FNO,,,ABB,13,2026-07-28,3800,125,0.05,3751,1,1,1,ABB26JUL3800PE,0
NSE,65438,ABB26JUL5500PE,NSE-ABB-28Jul26-5500-PE,,PE,FNO,,,ABB,13,2026-07-28,5500,125,0.05,3751,1,1,1,ABB26JUL5500PE,0
NSE,65480,ABB26JUL6200CE,NSE-ABB-28Jul26-6200-CE,,CE,FNO,,,ABB,13,2026-07-28,6200,125,0.05,3751,0,1,1,ABB26JUL6200CE,0
NSE,67048,ABB26AUG7600PE,NSE-ABB-25Aug26-7600-PE,,PE,FNO,,,ABB,13,2026-08-25,7600,125,0.05,3751,0,1,1,ABB26AUG7600PE,0
NSE,65581,ABB26JUL10000PE,NSE-ABB-28Jul26-10000-PE,,PE,FNO,,,ABB,13,2026-07-28,10000,125,0.05,3751,1,1,1,ABB26JUL10000PE,0
NSE,51643,ABB26JUL3900CE,NSE-ABB-28Jul26-3900-CE,,CE,FNO,,,ABB,13,2026-07-28,3900,125,0.05,3751,1,1,1,ABB26JUL3900CE,0
NSE,49410,ABB26JUL5150CE,NSE-ABB-28Jul26-5150-CE,,CE,FNO,,,ABB,13,2026-07-28,5150,125,0.05,3751,1,1,1,ABB26JUL5150CE,0
